"","tigr4","SPTaiwan_19F","d39"
"1","SP_0002","SPT_0002","SPD_0002"
"2","SP_0003","SPT_0003","SPD_0003"
"3","SP_0004","SPT_0038","SPD_0004"
"4","SP_0005","SPT_0039","SPD_0005"
"5","SP_0006","SPT_0040","SPD_0006"
"6","SP_0007","SPT_0041","SPD_0007"
"7","SP_0008","SPT_0042","SPD_0008"
"8","SP_0009","SPT_0043","SPD_0009"
"9","SP_0010","SPT_0044","SPD_0010"
"10","SP_0011","SPT_0045","SPD_0011"
"11","SP_0012","SPT_0046","SPD_0012"
"12","SP_0013","SPT_0047","SPD_0013"
"13","SP_0018","SPT_0058","SPD_0023"
"14","SP_0019","SPT_0059","SPD_0024"
"15","SP_0020","SPT_0060","SPD_0025"
"16","SP_0021","SPT_0061","SPD_0027"
"17","SP_0022","SPT_0062","SPD_0028"
"18","SP_0024","SPT_0064","SPD_0030"
"19","SP_0025","",NA
"20","SP_0026","SPT_0065","SPD_0031"
"21","SP_0027","SPT_0066","SPD_0033"
"22","SP_0029","SPT_0067","SPD_0035"
"23","SP_0030","SPT_0068",NA
"24","SP_0031","SPT_0069","SPD_0037"
"25","SP_0032","SPT_0070","SPD_0038"
"26","SP_0033","SPT_0071","SPD_0039"
"27","SP_0034","SPT_0072","SPD_0040"
"28","SP_0035","SPT_0073","SPD_0041"
"29","SP_0036","SPT_0074","SPD_0042"
"30","SP_0037","SPT_0075","SPD_0043"
"31","SP_0038","SPT_0076","SPD_0044"
"32","SP_0040","",NA
"33","SP_0041","SPT_0078","SPD_0046"
"34","SP_0042","SPT_0080","SPD_0049"
"35","SP_0043","SPT_0081","SPD_0050"
"36","SP_0044","SPT_0082","SPD_0051"
"37","SP_0045","SPT_0084","SPD_0052"
"38","SP_0046","SPT_0085","SPD_0053"
"39","SP_0047","SPT_0086","SPD_0054"
"40","SP_0048","SPT_0087","SPD_0055"
"41","SP_0049","SPT_0088","SPD_0056"
"42","SP_0050","SPT_0089","SPD_0057"
"43","SP_0051","SPT_0090","SPD_0058"
"44","SP_0052","",NA
"45","SP_0053","SPT_0091","SPD_0059"
"46","SP_0054","SPT_0092","SPD_0060"
"47","SP_0055","SPT_0093","SPD_0061"
"48","SP_0056","SPT_0094","SPD_0062"
"49","SP_0057","SPT_0095","SPD_0063"
"50","SP_0058","SPT_0096","SPD_0064"
"51","SP_0059","",NA
"52","SP_0060","SPT_0097","SPD_0065"
"53","SP_0061","SPT_0098","SPD_0066"
"54","SP_0062","SPT_0099","SPD_0067"
"55","SP_0063","SPT_0100","SPD_0068"
"56","SP_0064","SPT_0101","SPD_0069"
"57","SP_0065","SPT_0102","SPD_0070"
"58","SP_0066","SPT_0103","SPD_0071"
"59","SP_0067","",NA
"60","SP_0068","",NA
"61","SP_0069","",NA
"62","SP_0070","",NA
"63","SP_0072","",NA
"64","SP_0073","SPT_0104","SPD_0072"
"65","SP_0074","",NA
"66","SP_0075","SPT_0109","SPD_0074"
"67","SP_0076","",NA
"68","SP_0077","",NA
"69","SP_0078","SPT_0111","SPD_0076"
"70","SP_0079","SPT_0112","SPD_0077"
"71","SP_0080","",NA
"72","SP_0082","SPT_0116","SPD_0080"
"73","SP_0083","SPT_0117","SPD_0081"
"74","SP_0084","SPT_0118","SPD_0082"
"75","SP_0085","SPT_0119","SPD_0083"
"76","SP_0087","","SPD_0085"
"77","SP_0088","SPT_0120","SPD_0086"
"78","SP_0089","SPT_0121","SPD_0087"
"79","SP_0090","SPT_0122","SPD_0088"
"80","SP_0091","SPT_0123","SPD_0089"
"81","SP_0092","SPT_0124","SPD_0090"
"82","SP_0093","",NA
"83","SP_0094","",NA
"84","SP_0095","SPT_0125","SPD_0091"
"85","SP_0096","SPT_0126","SPD_0092"
"86","SP_0097","SPT_0131","SPD_0093"
"87","SP_0098","SPT_0132","SPD_0094"
"88","SP_0099","SPT_0133","SPD_0095"
"89","SP_0100","SPT_0134","SPD_0096"
"90","SP_0101","SPT_0135","SPD_0097"
"91","SP_0102","SPT_0136","SPD_0098"
"92","SP_0103","SPT_0137","SPD_0099"
"93","SP_0104","SPT_0138","SPD_0101"
"94","SP_0105","SPT_0139","SPD_0102"
"95","SP_0106","SPT_0140","SPD_0103"
"96","SP_0107","SPT_0141","SPD_0104"
"97","SP_0109","SPT_0143","SPD_0106"
"98","SP_0110","SPT_0144","SPD_0107"
"99","SP_0111","SPT_0145","SPD_0108"
"100","SP_0112","SPT_0146","SPD_0109"
"101","SP_0114","SPT_0148",NA
"102","SP_0115","SPT_0149","SPD_0116"
"103","SP_0116","SPT_0162","SPD_0125"
"104","SP_0117","SPT_0163","SPD_0126"
"105","SP_0118","SPT_0165","SPD_0127"
"106","SP_0119","SPT_0166","SPD_0128"
"107","SP_0120","SPT_0167","SPD_0129"
"108","SP_0121","SPT_0169","SPD_0130"
"109","SP_0122","SPT_0170","SPD_0131"
"110","SP_0123","SPT_0171",NA
"111","SP_0124","SPT_0172","SPD_0132"
"112","SP_0125","SPT_0173","SPD_0133"
"113","SP_0126","",NA
"114","SP_0127","SPT_0174","SPD_0134"
"115","SP_0128","SPT_0175","SPD_0135"
"116","SP_0129","SPT_0176","SPD_0136"
"117","SP_0133","","SPD_0138"
"118","SP_0134","",NA
"119","SP_0135","",NA
"120","SP_0136","SPT_0181","SPD_0139"
"121","SP_0137","SPT_0182","SPD_0140"
"122","SP_0138","SPT_0184","SPD_0141"
"123","SP_0139","SPT_0185","SPD_0142"
"124","SP_0141","SPT_0188","SPD_0144"
"125","SP_0142","","SPD_0145"
"126","SP_0143","","SPD_0146"
"127","SP_0144","SPT_0190","SPD_0147"
"128","SP_0145","SPT_0191","SPD_0148"
"129","SP_0146","SPT_0193","SPD_0149"
"130","SP_0147","SPT_0194",NA
"131","SP_0148","SPT_0195","SPD_0150"
"132","SP_0149","SPT_0196","SPD_0151"
"133","SP_0150","SPT_0197","SPD_0152"
"134","SP_0151","SPT_0198","SPD_0153"
"135","SP_0152","SPT_0199","SPD_0154"
"136","SP_0153","SPT_0200","SPD_0155"
"137","SP_0154","SPT_0201","SPD_0156"
"138","SP_0155","SPT_0202","SPD_0157"
"139","SP_0156","SPT_0203","SPD_0158"
"140","SP_0157","SPT_0204","SPD_0159"
"141","SP_0158","SPT_0205","SPD_0160"
"142","SP_0159","SPT_0207","SPD_0161"
"143","SP_0160","SPT_0208","SPD_0162"
"144","SP_0161","SPT_0209","SPD_0163"
"145","SP_0162","",NA
"146","SP_0164","",NA
"147","SP_1058","",NA
"148","SP_0165","",NA
"149","SP_0166","",NA
"150","SP_0167","",NA
"151","SP_0168","",NA
"152","SP_0170","",NA
"153","SP_0171","",NA
"154","SP_0172","","SPD_0164"
"155","SP_0173","SPT_0211","SPD_0165"
"156","SP_0175","SPT_0212","SPD_0166"
"157","SP_0176","SPT_0213","SPD_0167"
"158","SP_0177","SPT_0214","SPD_0168"
"159","SP_0178","SPT_0215","SPD_0169"
"160","SP_0179","SPT_0216","SPD_0170"
"161","SP_0180","SPT_0217","SPD_0171"
"162","SP_0181","SPT_0218","SPD_0172"
"163","SP_0182","SPT_0219","SPD_0173"
"164","SP_0183","",NA
"165","SP_0184","SPT_0220","SPD_0174"
"166","SP_0185","SPT_0221","SPD_0175"
"167","SP_0186","SPT_0238","SPD_0176"
"168","SP_0187","SPT_0239","SPD_0177"
"169","SP_0188","",NA
"170","SP_0189","SPT_0240","SPD_0178"
"171","SP_0190","",NA
"172","SP_0191","SPT_0241","SPD_0179"
"173","SP_0192","SPT_0242","SPD_0180"
"174","SP_0194","SPT_0244","SPD_0182"
"175","SP_0195","",NA
"176","SP_0196","",NA
"177","SP_0197","SPT_0245","SPD_0183"
"178","SP_0198","SPT_0246","SPD_0184"
"179","SP_0199","SPT_0247","SPD_0185"
"180","SP_0200","SPT_0248","SPD_0186"
"181","SP_0201","",NA
"182","SP_0202","SPT_0249","SPD_0187"
"183","SP_0203","SPT_0251","SPD_0188"
"184","SP_0204","SPT_0252","SPD_0189"
"185","SP_0205","SPT_0253","SPD_0190"
"186","SP_0206","",NA
"187","SP_0207","SPT_0254","SPD_0191"
"188","SP_0208","SPT_0255","SPD_0192"
"189","SP_0209","SPT_0256","SPD_0193"
"190","SP_0210","SPT_0257","SPD_0194"
"191","SP_0211","SPT_0258","SPD_0195"
"192","SP_0212","SPT_0259","SPD_0196"
"193","SP_0213","SPT_0260","SPD_0197"
"194","SP_0214","SPT_0261","SPD_0198"
"195","SP_0215","SPT_0262","SPD_0199"
"196","SP_0216","SPT_0263","SPD_0200"
"197","SP_0217","SPT_0264","SPD_0201"
"198","SP_0218","SPT_0265","SPD_0202"
"199","SP_0219","SPT_0266","SPD_0203"
"200","SP_0220","SPT_0267","SPD_0204"
"201","SP_0221","SPT_0268","SPD_0205"
"202","SP_0222","SPT_0269","SPD_0206"
"203","SP_0223","",NA
"204","SP_0224","SPT_0270","SPD_0207"
"205","SP_0225","SPT_0271","SPD_0208"
"206","SP_0226","SPT_0272","SPD_0209"
"207","SP_0227","SPT_0273","SPD_0210"
"208","SP_0228","SPT_0274","SPD_0211"
"209","SP_0229","SPT_0275","SPD_0212"
"210","SP_0230","SPT_0276","SPD_0213"
"211","SP_0231","SPT_0277","SPD_0214"
"212","SP_0232","SPT_0278","SPD_0215"
"213","SP_0233","SPT_0279",NA
"214","SP_0234","SPT_0280","SPD_0216"
"215","SP_0235","SPT_0281","SPD_0217"
"216","SP_0236","SPT_0282","SPD_0218"
"217","SP_0237","SPT_0283","SPD_0219"
"218","SP_0238","SPT_0284","SPD_0220"
"219","SP_0239","SPT_0285",NA
"220","SP_0240","SPT_0286","SPD_0222"
"221","SP_0242","SPT_0289","SPD_0225"
"222","SP_0243","","SPD_0226"
"223","SP_0244","",NA
"224","SP_0245","SPT_0293","SPD_0229"
"225","SP_0246","SPT_0294","SPD_0230"
"226","SP_0247","SPT_0295","SPD_0231"
"227","SP_0248","SPT_0296","SPD_0232"
"228","SP_0249","SPT_0297","SPD_0233"
"229","SP_0250","SPT_0298","SPD_0234"
"230","SP_0251","SPT_0299","SPD_0235"
"231","SP_0252","SPT_0300","SPD_0236"
"232","SP_0253","SPT_0301","SPD_0237"
"233","SP_0254","SPT_0302","SPD_0238"
"234","SP_0255","SPT_0304","SPD_0239"
"235","SP_0256","SPT_0305","SPD_0240"
"236","SP_0258","",NA
"237","SP_0259","SPT_0306","SPD_0241"
"238","SP_0260","","SPD_0242"
"239","SP_0261","SPT_0308","SPD_0243"
"240","SP_0262","SPT_0309","SPD_0244"
"241","SP_0263","SPT_0310","SPD_0245"
"242","SP_0264","SPT_0311","SPD_0246"
"243","SP_0265","SPT_0312","SPD_0247"
"244","SP_0266","SPT_0313","SPD_0248"
"245","SP_0267","SPT_0314","SPD_0249"
"246","SP_0268","SPT_0315","SPD_0250"
"247","SP_0269","",NA
"248","SP_0270","",NA
"249","SP_0271","SPT_0316","SPD_0251"
"250","SP_0272","SPT_0317","SPD_0252"
"251","SP_0273","SPT_0318","SPD_0253"
"252","SP_0274","SPT_0319","SPD_0254"
"253","SP_0275","SPT_0320","SPD_0255"
"254","SP_0276","SPT_0321","SPD_0256"
"255","SP_0277","SPT_0322","SPD_0257"
"256","SP_0278","SPT_0323","SPD_0258"
"257","SP_0279","SPT_0324","SPD_0259"
"258","SP_0280","SPT_0325","SPD_0260"
"259","SP_0281","SPT_0326","SPD_0261"
"260","SP_0282","SPT_0327","SPD_0262"
"261","SP_0283","SPT_0328","SPD_0263"
"262","SP_0284","SPT_0329","SPD_0264"
"263","SP_0285","SPT_0330","SPD_0265"
"264","SP_0286","SPT_0332","SPD_0266"
"265","SP_0287","SPT_0333","SPD_0267"
"266","SP_0288","SPT_0334","SPD_0268"
"267","SP_0289","SPT_0335","SPD_0269"
"268","SP_0290","SPT_0336","SPD_0270"
"269","SP_0291","SPT_0337","SPD_0271"
"270","SP_0292","SPT_0338","SPD_0272"
"271","SP_0293","SPT_0339","SPD_0273"
"272","SP_0294","SPT_0340","SPD_0274"
"273","SP_0295","SPT_0341","SPD_0275"
"274","SP_0296","SPT_0342",NA
"275","SP_0297","",NA
"276","SP_0298","",NA
"277","SP_0302","SPT_0353","SPD_0276"
"278","SP_0303","SPT_0354","SPD_0277"
"279","SP_0304","SPT_0355","SPD_0278"
"280","SP_0305","SPT_0356","SPD_0279"
"281","SP_0306","SPT_0357","SPD_0280"
"282","SP_0307","",NA
"283","SP_0308","SPT_0358","SPD_0281"
"284","SP_0309","SPT_0359","SPD_0282"
"285","SP_0310","SPT_0360","SPD_0283"
"286","SP_0311","SPT_0361","SPD_0284"
"287","SP_0312","SPT_0362","SPD_0285"
"288","SP_0313","SPT_0363","SPD_0286"
"289","SP_0314","SPT_0364","SPD_0287"
"290","SP_0316","",NA
"291","SP_0317","SPT_0366","SPD_0289"
"292","SP_0318","SPT_0367","SPD_0290"
"293","SP_0319","SPT_0368","SPD_0291"
"294","SP_0320","SPT_0369","SPD_0292"
"295","SP_0321","SPT_0370","SPD_0293"
"296","SP_0322","SPT_0371","SPD_0294"
"297","SP_0323","SPT_0372","SPD_0295"
"298","SP_0324","SPT_0373","SPD_0296"
"299","SP_0325","SPT_0374","SPD_0297"
"300","SP_0326","SPT_0375","SPD_0298"
"301","SP_0327","SPT_0376","SPD_0300"
"302","SP_0329","",NA
"303","SP_0330","SPT_0377","SPD_0301"
"304","SP_0332","SPT_0382","SPD_0302"
"305","SP_0333","SPT_0383","SPD_0303"
"306","SP_0334","SPT_0384","SPD_0304"
"307","SP_0335","SPT_0385","SPD_0305"
"308","SP_0336","SPT_0386","SPD_0306"
"309","SP_0337","SPT_0387","SPD_0307"
"310","SP_0338","SPT_0388","SPD_0308"
"311","SP_0340","SPT_0389","SPD_0309"
"312","SP_0341","SPT_0390","SPD_0310"
"313","SP_0342","SPT_0391","SPD_0311"
"314","SP_0346","SPT_0392","SPD_0315"
"315","SP_0347","SPT_0393","SPD_0316"
"316","SP_0348","SPT_0394","SPD_0317"
"317","SP_0349","SPT_0395","SPD_0318"
"318","SP_0350","","SPD_0319"
"319","SP_0351","",NA
"320","SP_0352","",NA
"321","SP_0353","",NA
"322","SP_0354","",NA
"323","SP_0355","",NA
"324","SP_0356","","SPD_0325"
"325","SP_0357","SPT_0402",NA
"326","SP_0358","",NA
"327","SP_0359","",NA
"328","SP_0360","",NA
"329","SP_0367","",NA
"330","SP_0368","SPT_0411","SPD_0335"
"331","SP_0369","SPT_0412","SPD_0336"
"332","SP_0370","SPT_0413","SPD_0337"
"333","SP_0371","SPT_0414","SPD_0338"
"334","SP_0372","SPT_0415","SPD_0339"
"335","SP_0373","SPT_0416","SPD_0341"
"336","SP_0374","SPT_0417","SPD_0342"
"337","SP_0375","SPT_0418","SPD_0343"
"338","SP_0376","SPT_0419","SPD_0344"
"339","SP_0377","SPT_0420","SPD_0345"
"340","SP_0378","SPT_0421",NA
"341","SP_0379","SPT_0422",NA
"342","SP_0380","SPT_0423",NA
"343","SP_0381","SPT_0426","SPD_0346"
"344","SP_0382","SPT_0427","SPD_0347"
"345","SP_0383","SPT_0428","SPD_0348"
"346","SP_0384","SPT_0429","SPD_0349"
"347","SP_0385","SPT_0430","SPD_0350"
"348","SP_0386","SPT_0431","SPD_0351"
"349","SP_0387","SPT_0432","SPD_0352"
"350","SP_0389","","SPD_0355"
"351","SP_0390","SPT_0436",NA
"352","SP_0391","","SPD_0357"
"353","SP_0394","","SPD_0360"
"354","SP_0395","","SPD_0361"
"355","SP_0396","","SPD_0362"
"356","SP_0397","","SPD_0363"
"357","SP_0398","",NA
"358","SP_0400","SPT_0438","SPD_0365"
"359","SP_0401","SPT_0439","SPD_0366"
"360","SP_0402","SPT_0440","SPD_0367"
"361","SP_0403","SPT_0441","SPD_0368"
"362","SP_0404","SPT_0442","SPD_0369"
"363","SP_0405","SPT_0443","SPD_0370"
"364","SP_0406","SPT_0444","SPD_0371"
"365","SP_0407","",NA
"366","SP_0408","SPT_0445","SPD_0372"
"367","SP_0409","SPT_0446","SPD_0373"
"368","SP_0410","SPT_0447","SPD_0374"
"369","SP_0411","SPT_0448","SPD_0375"
"370","SP_0412","SPT_0449","SPD_0376"
"371","SP_0413","SPT_0450","SPD_0377"
"372","SP_0414","",NA
"373","SP_0415","SPT_0452","SPD_0378"
"374","SP_0416","SPT_0453","SPD_0379"
"375","SP_0417","SPT_0454","SPD_0380"
"376","SP_0418","SPT_0455","SPD_0381"
"377","SP_0419","SPT_0456","SPD_0382"
"378","SP_0420","SPT_0457","SPD_0383"
"379","SP_0421","SPT_0458","SPD_0384"
"380","SP_0422","SPT_0459","SPD_0385"
"381","SP_0423","SPT_0460","SPD_0386"
"382","SP_0424","SPT_0461","SPD_0387"
"383","SP_0425","SPT_0462","SPD_0388"
"384","SP_0426","SPT_0463","SPD_0389"
"385","SP_0427","SPT_0464","SPD_0390"
"386","SP_0428","",NA
"387","SP_0429","SPT_0465","SPD_0391"
"388","SP_0430","SPT_0467","SPD_0392"
"389","SP_0431","",NA
"390","SP_0433","SPT_0468","SPD_0393"
"391","SP_0434","SPT_0469","SPD_0394"
"392","SP_0435","SPT_0470","SPD_0395"
"393","SP_0436","SPT_0473","SPD_0396"
"394","SP_0437","SPT_0474","SPD_0397"
"395","SP_0438","SPT_0475","SPD_0398"
"396","SP_0439","SPT_0476","SPD_0399"
"397","SP_0441","SPT_0478","SPD_0401"
"398","SP_0442","SPT_0479","SPD_0402"
"399","SP_0443","SPT_0480","SPD_0403"
"400","SP_0444","",NA
"401","SP_0445","SPT_0481","SPD_0404"
"402","SP_0446","SPT_0482","SPD_0405"
"403","SP_0447","SPT_0483","SPD_0406"
"404","SP_0448","SPT_0484","SPD_0407"
"405","SP_0449","SPT_0485","SPD_0408"
"406","SP_0450","SPT_0486","SPD_0409"
"407","SP_0451","SPT_0488","SPD_0410"
"408","SP_0452","SPT_0489","SPD_0411"
"409","SP_0453","SPT_0490","SPD_0412"
"410","SP_0454","SPT_0492","SPD_0414"
"411","SP_0455","SPT_0491","SPD_0413"
"412","SP_0457","SPT_0495","SPD_0417"
"413","SP_0458","SPT_0497","SPD_0419"
"414","SP_0459","SPT_0498","SPD_0420"
"415","SP_0460","SPT_0499",NA
"416","SP_0461","SPT_0500",NA
"417","SP_0462","SPT_0501",NA
"418","SP_0463","SPT_0503",NA
"419","SP_0464","SPT_0504",NA
"420","SP_0465","",NA
"421","SP_0466","SPT_0505",NA
"422","SP_0467","SPT_0506",NA
"423","SP_0468","SPT_0507",NA
"424","SP_0470","SPT_0511",NA
"425","SP_0471","SPT_0512","SPD_0422"
"426","SP_0472","",NA
"427","SP_0473","SPT_0514","SPD_0423"
"428","SP_0474","SPT_0515","SPD_0424"
"429","SP_0475","SPT_0516","SPD_0425"
"430","SP_0476","SPT_0517","SPD_0426"
"431","SP_0477","SPT_0518","SPD_0427"
"432","SP_0478","SPT_0519","SPD_0428"
"433","SP_0479","SPT_0520","SPD_0429"
"434","SP_0480","SPT_0521","SPD_0430"
"435","SP_0481","SPT_0522","SPD_0431"
"436","SP_0482","SPT_0523","SPD_0432"
"437","SP_0483","SPT_0525","SPD_0434"
"438","SP_0484","SPT_0526","SPD_0435"
"439","SP_0486","SPT_0527","SPD_0436"
"440","SP_0487","",NA
"441","SP_0488","SPT_0528","SPD_0437"
"442","SP_0489","SPT_0529","SPD_0438"
"443","SP_0490","SPT_0530","SPD_0439"
"444","SP_0491","",NA
"445","SP_0492","SPT_0531","SPD_0440"
"446","SP_0493","SPT_0532","SPD_0441"
"447","SP_0494","SPT_0533","SPD_0442"
"448","SP_0496","SPT_0534","SPD_0443"
"449","SP_0497","",NA
"450","SP_0498","SPT_0535","SPD_0444"
"451","SP_0499","SPT_0536","SPD_0445"
"452","SP_0500","SPT_0537","SPD_0446"
"453","SP_0501","SPT_0538","SPD_0447"
"454","SP_0502","SPT_0539","SPD_0448"
"455","SP_0503","SPT_0540",NA
"456","SP_0504","","SPD_0449"
"457","SP_0505","",NA
"458","SP_0506","","SPD_0452"
"459","SP_0507","","SPD_0450"
"460","SP_0508","SPT_0542","SPD_0453"
"461","SP_0509","SPT_0544","SPD_0454"
"462","SP_0510","SPT_0545","SPD_0455"
"463","SP_0511","SPT_0546",NA
"464","SP_0512","","SPD_0456"
"465","SP_0513","",NA
"466","SP_0514","SPT_0547","SPD_0457"
"467","SP_0515","SPT_0548","SPD_0458"
"468","SP_0516","SPT_0549","SPD_0459"
"469","SP_0517","SPT_0550","SPD_0460"
"470","SP_0518","",NA
"471","SP_0519","SPT_0552","SPD_0461"
"472","SP_0520","SPT_0554","SPD_0462"
"473","SP_0521","SPT_0555","SPD_0463"
"474","SP_0522","SPT_0556","SPD_0464"
"475","SP_0523","SPT_0557","SPD_0465"
"476","SP_0524","SPT_0558","SPD_0466"
"477","SP_0525","SPT_0560","SPD_0467"
"478","SP_0526","SPT_0561","SPD_0468"
"479","SP_0527","SPT_0562","SPD_0469"
"480","SP_0528","SPT_0564","SPD_0470"
"481","SP_0529","SPT_0565",NA
"482","SP_0531","",NA
"483","SP_0532","",NA
"484","SP_0533","",NA
"485","SP_0534","",NA
"486","SP_0535","",NA
"487","SP_0536","SPT_0572",NA
"488","SP_0538","","SPD_0830"
"489","SP_0539","SPT_0576",NA
"490","SP_0540","",NA
"491","SP_0541","SPT_0568",NA
"492","SP_0542","",NA
"493","SP_0543","",NA
"494","SP_0544","",NA
"495","SP_0545","SPT_0577","SPD_0473"
"496","SP_0546","","SPD_0474"
"497","SP_0547","SPT_0579","SPD_0475"
"498","SP_0548","",NA
"499","SP_0549","SPT_0580","SPD_0476"
"500","SP_0550","SPT_0581","SPD_0477"
"501","SP_0552","SPT_0582","SPD_0478"
"502","SP_0553","SPT_0583","SPD_0479"
"503","SP_0554","SPT_0584","SPD_0480"
"504","SP_0555","SPT_0585","SPD_0481"
"505","SP_0556","SPT_0586","SPD_0482"
"506","SP_0557","SPT_0587","SPD_0483"
"507","SP_0558","SPT_0588","SPD_0484"
"508","SP_0559","SPT_0589","SPD_0485"
"509","SP_0560","",NA
"510","SP_0561","SPT_0592","SPD_0487"
"511","SP_0562","SPT_0593","SPD_0488"
"512","SP_0563","SPT_0594","SPD_0489"
"513","SP_0564","SPT_0595","SPD_0490"
"514","SP_0565","SPT_0596","SPD_0491"
"515","SP_0566","SPT_0597","SPD_0492"
"516","SP_0567","SPT_0598",NA
"517","SP_0568","SPT_0599","SPD_0494"
"518","SP_0570","",NA
"519","SP_0571","SPT_0602","SPD_0496"
"520","SP_0573","",NA
"521","SP_0574","",NA
"522","SP_0575","SPT_0605",NA
"523","SP_0576","SPT_0606","SPD_0501"
"524","SP_0577","SPT_0607","SPD_0502"
"525","SP_0578","SPT_0608","SPD_0503"
"526","SP_0579","SPT_0609","SPD_0504"
"527","SP_0580","SPT_0610","SPD_0505"
"528","SP_0581","SPT_0611","SPD_0506"
"529","SP_0582","SPT_0612","SPD_0507"
"530","SP_0584","",NA
"531","SP_0585","SPT_0615","SPD_0510"
"532","SP_0586","SPT_0616","SPD_0511"
"533","SP_0587","",NA
"534","SP_0588","SPT_0617","SPD_0512"
"535","SP_0589","SPT_0618","SPD_0513"
"536","SP_0590","SPT_0619","SPD_0514"
"537","SP_0591","SPT_0620","SPD_0515"
"538","SP_0592","SPT_0621","SPD_0516"
"539","SP_0593","SPT_0622","SPD_0517"
"540","SP_0595","SPT_0624","SPD_0518"
"541","SP_0596","","SPD_0519"
"542","SP_0598","",NA
"543","SP_0599","SPT_0626","SPD_0521"
"544","SP_0600","SPT_0627","SPD_0522"
"545","SP_0601","SPT_0628","SPD_0523"
"546","SP_0602","",NA
"547","SP_0603","SPT_0629","SPD_0524"
"548","SP_0604","SPT_0630","SPD_0525"
"549","SP_0605","SPT_0631","SPD_0526"
"550","SP_0606","SPT_0632","SPD_0527"
"551","SP_0607","SPT_0633","SPD_0528"
"552","SP_0608","SPT_0634","SPD_0529"
"553","SP_0609","SPT_0635","SPD_0530"
"554","SP_0610","SPT_0636",NA
"555","SP_0611","SPT_0637","SPD_0532"
"556","SP_0612","",NA
"557","SP_0613","SPT_0638","SPD_0533"
"558","SP_0614","SPT_0639","SPD_0534"
"559","SP_0615","SPT_0640","SPD_0535"
"560","SP_0616","SPT_0641","SPD_0536"
"561","SP_0617","SPT_0642","SPD_0537"
"562","SP_0618","SPT_0643","SPD_0538"
"563","SP_0619","SPT_0644","SPD_0539"
"564","SP_0620","SPT_0645","SPD_0540"
"565","SP_0621","",NA
"566","SP_0622","SPT_0646","SPD_0541"
"567","SP_0623","SPT_0647","SPD_0542"
"568","SP_0624","SPT_0648","SPD_0543"
"569","SP_0626","SPT_0651","SPD_0546"
"570","SP_0627","SPT_0652","SPD_0547"
"571","SP_0628","SPT_0653","SPD_0548"
"572","SP_0629","SPT_0654","SPD_0549"
"573","SP_0630","SPT_0656","SPD_0550"
"574","SP_0631","SPT_0657","SPD_0551"
"575","SP_0633","SPT_0659","SPD_0553"
"576","SP_0634","SPT_0660",NA
"577","SP_0635","",NA
"578","SP_0636","SPT_0661","SPD_0554"
"579","SP_0637","SPT_0662","SPD_0555"
"580","SP_0638","SPT_0663","SPD_0556"
"581","SP_0639","",NA
"582","SP_0640","",NA
"583","SP_0641","SPT_0666","SPD_0558"
"584","SP_0646","SPT_0668","SPD_0560"
"585","SP_0647","SPT_0669","SPD_0561"
"586","SP_0648","SPT_0670","SPD_0562"
"587","SP_0650","SPT_0674","SPD_0564"
"588","SP_0652","SPT_0677","SPD_0567"
"589","SP_0653","SPT_0678","SPD_0568"
"590","SP_0654","",NA
"591","SP_0655","SPT_0679","SPD_0569"
"592","SP_0657","SPT_0680","SPD_0570"
"593","SP_0658","SPT_0682","SPD_0571"
"594","SP_0659","SPT_0683","SPD_0572"
"595","SP_0660","SPT_0684","SPD_0573"
"596","SP_0661","SPT_0685","SPD_0574"
"597","SP_0662","SPT_0686","SPD_0575"
"598","SP_0663","SPT_0687","SPD_0576"
"599","SP_0664","SPT_0688","SPD_0577"
"600","SP_0665","SPT_0689","SPD_0578"
"601","SP_0666","SPT_0690",NA
"602","SP_0667","SPT_0691","SPD_0579"
"603","SP_0668","SPT_0692","SPD_0580"
"604","SP_0669","SPT_0693","SPD_0581"
"605","SP_0670","SPT_0694","SPD_0582"
"606","SP_0671","SPT_0695","SPD_0583"
"607","SP_0672","SPT_0696","SPD_0584"
"608","SP_0673","SPT_0697","SPD_0585"
"609","SP_0674","SPT_0698","SPD_0586"
"610","SP_0675","SPT_0699","SPD_0587"
"611","SP_0676","SPT_0700","SPD_0588"
"612","SP_0677","SPT_0701","SPD_0589"
"613","SP_0678","SPT_0702","SPD_0590"
"614","SP_0679","SPT_0703","SPD_0591"
"615","SP_0680","SPT_0704","SPD_0592"
"616","SP_0681","SPT_0705","SPD_0593"
"617","SP_0682","SPT_0706","SPD_0594"
"618","SP_0683","",NA
"619","SP_0684","",NA
"620","SP_0685","","SPD_0595"
"621","SP_0686","SPT_0708","SPD_0596"
"622","SP_0687","SPT_0709","SPD_0597"
"623","SP_0688","SPT_0710","SPD_0598"
"624","SP_0689","SPT_0711","SPD_0599"
"625","SP_0690","SPT_0712","SPD_0600"
"626","SP_0691","","SPD_0601"
"627","SP_0692","","SPD_0602"
"628","SP_0693","",NA
"629","SP_0694","","SPD_0603"
"630","SP_0695","","SPD_0604"
"631","SP_0696","",NA
"632","SP_0698","","SPD_0606"
"633","SP_0699","",NA
"634","SP_0701","SPT_0713","SPD_0608"
"635","SP_0702","SPT_0714","SPD_0609"
"636","SP_0703","SPT_0715","SPD_0610"
"637","SP_0704","SPT_0716","SPD_0611"
"638","SP_0705","SPT_0717","SPD_0612"
"639","SP_0706","SPT_0718","SPD_0613"
"640","SP_0707","SPT_0719","SPD_0614"
"641","SP_0709","","SPD_0616"
"642","SP_0710","SPT_0726","SPD_0617"
"643","SP_0711","SPT_0727","SPD_0618"
"644","SP_0713","SPT_0729","SPD_0620"
"645","SP_0715","SPT_0731","SPD_0621"
"646","SP_0716","SPT_0732","SPD_0622"
"647","SP_0717","SPT_0733","SPD_0623"
"648","SP_0718","SPT_0734","SPD_0624"
"649","SP_0719","SPT_0735","SPD_0625"
"650","SP_0720","SPT_0736","SPD_0626"
"651","SP_0721","SPT_0737","SPD_0627"
"652","SP_0722","SPT_0738","SPD_0628"
"653","SP_0723","SPT_0739","SPD_0629"
"654","SP_0724","SPT_0740","SPD_0630"
"655","SP_0725","SPT_0741","SPD_0631"
"656","SP_0726","SPT_0742","SPD_0632"
"657","SP_0727","SPT_0743","SPD_0633"
"658","SP_0728","SPT_0744","SPD_0634"
"659","SP_0729","SPT_0745","SPD_0635"
"660","SP_0730","SPT_0746","SPD_0636"
"661","SP_0731","SPT_0747","SPD_0637"
"662","SP_0733","SPT_0749","SPD_1157"
"663","SP_0734","",NA
"664","SP_0736","SPT_0752","SPD_0641"
"665","SP_0737","SPT_0753","SPD_0642"
"666","SP_0738","",NA
"667","SP_0739","",NA
"668","SP_0740","","SPD_0644"
"669","SP_0741","SPT_0756","SPD_0645"
"670","SP_0742","SPT_0757","SPD_0646"
"671","SP_0743","SPT_0758","SPD_0647"
"672","SP_0744","SPT_0759","SPD_0648"
"673","SP_0745","SPT_0760","SPD_0649"
"674","SP_0746","SPT_0761","SPD_0650"
"675","SP_0747","",NA
"676","SP_0748","SPT_0762","SPD_0651"
"677","SP_0749","SPT_0763","SPD_0652"
"678","SP_0750","SPT_0764","SPD_0653"
"679","SP_0751","SPT_0765","SPD_0654"
"680","SP_0752","SPT_0766","SPD_0655"
"681","SP_0753","SPT_0767","SPD_0656"
"682","SP_0754","SPT_0768","SPD_0657"
"683","SP_0755","SPT_0769","SPD_0658"
"684","SP_0756","SPT_0770","SPD_0659"
"685","SP_0757","SPT_0771","SPD_0660"
"686","SP_0758","SPT_0772","SPD_0661"
"687","SP_0759","",NA
"688","SP_0760","SPT_0773","SPD_0662"
"689","SP_0761","SPT_0774","SPD_0663"
"690","SP_0762","SPT_0775","SPD_0664"
"691","SP_0763","",NA
"692","SP_0764","SPT_0777","SPD_0665"
"693","SP_0765","SPT_0778","SPD_0666"
"694","SP_0766","SPT_0779","SPD_0667"
"695","SP_0767","SPT_0780","SPD_0668"
"696","SP_0768","SPT_0781","SPD_0669"
"697","SP_0769","SPT_0782","SPD_0670"
"698","SP_0770","SPT_0783","SPD_0671"
"699","SP_0771","SPT_0784","SPD_0672"
"700","SP_0772","SPT_0785","SPD_0673"
"701","SP_0773","",NA
"702","SP_0774","SPT_0786",NA
"703","SP_0775","SPT_0787","SPD_0674"
"704","SP_0776","SPT_0788","SPD_0675"
"705","SP_0777","SPT_1424","SPD_0676"
"706","SP_0778","SPT_1423","SPD_0678"
"707","SP_0779","SPT_1422","SPD_0679"
"708","SP_0780","SPT_1421","SPD_0680"
"709","SP_0781","SPT_1420","SPD_0681"
"710","SP_0782","SPT_1418","SPD_0683"
"711","SP_0783","SPT_1417","SPD_0684"
"712","SP_0784","SPT_1416","SPD_0685"
"713","SP_0785","SPT_1415","SPD_0686"
"714","SP_0786","SPT_1414","SPD_0687"
"715","SP_0787","SPT_1413","SPD_0688"
"716","SP_0788","SPT_1412","SPD_0689"
"717","SP_0789","SPT_1410","SPD_0691"
"718","SP_0790","SPT_1409","SPD_0692"
"719","SP_0791","SPT_1408","SPD_0693"
"720","SP_0792","SPT_1407","SPD_0694"
"721","SP_0793","SPT_1406","SPD_0695"
"722","SP_0794","SPT_1405","SPD_0696"
"723","SP_0795","SPT_1404","SPD_0698"
"724","SP_0796","SPT_1403","SPD_0699"
"725","SP_0797","SPT_1402","SPD_0700"
"726","SP_0798","SPT_1401","SPD_0701"
"727","SP_0799","SPT_1400","SPD_0702"
"728","SP_0800","SPT_1399","SPD_0703"
"729","SP_0801","SPT_1398","SPD_0704"
"730","SP_0802","SPT_1397","SPD_0705"
"731","SP_0803","SPT_1396","SPD_0706"
"732","SP_0804","SPT_1395","SPD_0707"
"733","SP_0805","SPT_1394","SPD_0708"
"734","SP_0806","SPT_1393","SPD_0709"
"735","SP_0807","SPT_1392","SPD_0710"
"736","SP_0809","",NA
"737","SP_0810","",NA
"738","SP_0811","SPT_0748","SPD_0712"
"739","SP_0815","",NA
"740","SP_0816","SPT_1384","SPD_0714"
"741","SP_0817","SPT_1383","SPD_0715"
"742","SP_0820","SPT_1380","SPD_0717"
"743","SP_0821","",NA
"744","SP_0822","SPT_1379","SPD_0718"
"745","SP_0823","SPT_1378","SPD_0719"
"746","SP_0824","SPT_1377","SPD_0720"
"747","SP_0825","SPT_1376","SPD_0721"
"748","SP_0826","",NA
"749","SP_0828","SPT_1374","SPD_0723"
"750","SP_0829","SPT_1373","SPD_0724"
"751","SP_0830","SPT_1372",NA
"752","SP_0831","SPT_1371","SPD_0726"
"753","SP_0832","",NA
"754","SP_0833","SPT_1369","SPD_0727"
"755","SP_0834","SPT_1368","SPD_0729"
"756","SP_0835","SPT_1367","SPD_0730"
"757","SP_0837","SPT_1366","SPD_0731"
"758","SP_0838","SPT_1365","SPD_0732"
"759","SP_0839","SPT_1364","SPD_0733"
"760","SP_0840","SPT_1363","SPD_0734"
"761","SP_0841","SPT_1362","SPD_0735"
"762","SP_0842","SPT_1361","SPD_0736"
"763","SP_0843","SPT_1360","SPD_0737"
"764","SP_0844","SPT_1359","SPD_0738"
"765","SP_0845","SPT_1358","SPD_0739"
"766","SP_0846","SPT_1357","SPD_0740"
"767","SP_0847","SPT_1356","SPD_0741"
"768","SP_0848","SPT_1355","SPD_0742"
"769","SP_0851","SPT_1352","SPD_0745"
"770","SP_0852","SPT_1351","SPD_0746"
"771","SP_0853","",NA
"772","SP_0854","SPT_1350","SPD_0747"
"773","SP_0855","SPT_1349","SPD_0748"
"774","SP_0856","SPT_1348","SPD_0749"
"775","SP_0858","SPT_1346","SPD_0751"
"776","SP_0859","SPT_1345","SPD_0752"
"777","SP_0860","SPT_1344","SPD_0753"
"778","SP_0861","SPT_1343","SPD_0754"
"779","SP_0862","SPT_1340","SPD_0757"
"780","SP_0864","SPT_1337","SPD_0759"
"781","SP_0865","SPT_1336","SPD_0760"
"782","SP_0866","SPT_1335","SPD_0761"
"783","SP_0867","SPT_1334","SPD_0762"
"784","SP_0868","SPT_1333","SPD_0763"
"785","SP_0869","SPT_1332","SPD_0764"
"786","SP_0870","SPT_1331","SPD_0765"
"787","SP_0871","SPT_1330","SPD_0766"
"788","SP_0872","SPT_1329","SPD_0767"
"789","SP_0873","SPT_1328","SPD_0768"
"790","SP_0874","",NA
"791","SP_0875","SPT_1326","SPD_0771"
"792","SP_0876","SPT_1325","SPD_0772"
"793","SP_0877","SPT_1324","SPD_0773"
"794","SP_0878","SPT_1323","SPD_0774"
"795","SP_0879","SPT_1322","SPD_0775"
"796","SP_0880","SPT_1321","SPD_0776"
"797","SP_0881","SPT_1320","SPD_0777"
"798","SP_0882","SPT_1319","SPD_0778"
"799","SP_0883","SPT_1318","SPD_0779"
"800","SP_0884","SPT_1317","SPD_0780"
"801","SP_0885","SPT_1316","SPD_0781"
"802","SP_0886","SPT_1314","SPD_0782"
"803","SP_0887","SPT_1313","SPD_0783"
"804","SP_0888","SPT_1312",NA
"805","SP_0889","SPT_1311",NA
"806","SP_0890","SPT_1310",NA
"807","SP_0891","",NA
"808","SP_0892","SPT_1308","SPD_0784"
"809","SP_0893","SPT_1306","SPD_0786"
"810","SP_0894","SPT_1305","SPD_0787"
"811","SP_0895","SPT_1304","SPD_0788"
"812","SP_0896","SPT_1303","SPD_0789"
"813","SP_0897","SPT_1302","SPD_0790"
"814","SP_0899","SPT_1300","SPD_0792"
"815","SP_0901","SPT_1298","SPD_0795"
"816","SP_0902","SPT_1297","SPD_0796"
"817","SP_0904","SPT_1296","SPD_0797"
"818","SP_0905","SPT_1295","SPD_0798"
"819","SP_0906","SPT_1294","SPD_0799"
"820","SP_0907","","SPD_0801"
"821","SP_0908","SPT_1293","SPD_0802"
"822","SP_0909","SPT_1292",NA
"823","SP_0910","SPT_1291","SPD_0803"
"824","SP_0911","SPT_1290",NA
"825","SP_0912","SPT_1289","SPD_0804"
"826","SP_0913","SPT_1288","SPD_0805"
"827","SP_0915","SPT_1286","SPD_1342"
"828","SP_0916","SPT_1284","SPD_0809"
"829","SP_0917","SPT_1283",NA
"830","SP_0918","SPT_1281","SPD_0811"
"831","SP_0919","SPT_1280","SPD_0812"
"832","SP_0920","SPT_1279","SPD_0813"
"833","SP_0921","SPT_1278","SPD_0814"
"834","SP_0922","SPT_1277","SPD_0815"
"835","SP_0923","SPT_1276","SPD_0816"
"836","SP_0924","SPT_1275",NA
"837","SP_0925","SPT_1274","SPD_0817"
"838","SP_0926","SPT_1273",NA
"839","SP_0927","SPT_1272","SPD_0818"
"840","SP_0928","SPT_1271","SPD_0819"
"841","SP_0929","SPT_1270","SPD_0820"
"842","SP_0930","SPT_1269","SPD_0821"
"843","SP_0931","SPT_1268","SPD_0822"
"844","SP_0932","SPT_1267","SPD_0823"
"845","SP_0933","SPT_1266","SPD_0824"
"846","SP_0934","",NA
"847","SP_0935","SPT_1265","SPD_0825"
"848","SP_0936","SPT_1264","SPD_0826"
"849","SP_0937","SPT_1263","SPD_0827"
"850","SP_0938","SPT_1262","SPD_0828"
"851","SP_0939","","SPD_0829"
"852","SP_0941","",NA
"853","SP_0942","SPT_1131","SPD_0832"
"854","SP_0943","SPT_1261","SPD_0833"
"855","SP_0944","SPT_1260","SPD_0834"
"856","SP_0945","SPT_1259","SPD_0835"
"857","SP_0946","SPT_1258","SPD_0836"
"858","SP_0947","SPT_1257","SPD_0837"
"859","SP_0948","SPT_1255","SPD_0838"
"860","SP_0950","SPT_1254","SPD_0839"
"861","SP_0951","SPT_1253","SPD_0840"
"862","SP_0953","SPT_1249","SPD_0842"
"863","SP_0954","SPT_1248","SPD_0843"
"864","SP_0955","SPT_1247","SPD_0844"
"865","SP_0956","",NA
"866","SP_0957","SPT_1246","SPD_0845"
"867","SP_0958","SPT_1245","SPD_0846"
"868","SP_0959","SPT_1244","SPD_0847"
"869","SP_0960","SPT_1243","SPD_0848"
"870","SP_0961","SPT_1242","SPD_0849"
"871","SP_0962","SPT_1241","SPD_0850"
"872","SP_0963","SPT_1240","SPD_0851"
"873","SP_0964","SPT_1239","SPD_0852"
"874","SP_0965","SPT_1238","SPD_0853"
"875","SP_0966","SPT_1237","SPD_0854"
"876","SP_0967","SPT_1236","SPD_0855"
"877","SP_0968","SPT_1235","SPD_0856"
"878","SP_0969","SPT_1234","SPD_0857"
"879","SP_0970","SPT_1233","SPD_0858"
"880","SP_0971","SPT_1232","SPD_0859"
"881","SP_0972","SPT_1231","SPD_0860"
"882","SP_0973","SPT_1230",NA
"883","SP_0974","SPT_1229","SPD_0861"
"884","SP_0975","SPT_1228","SPD_0862"
"885","SP_0976","SPT_1227","SPD_0863"
"886","SP_0977","SPT_1226","SPD_0864"
"887","SP_0978","SPT_1225","SPD_0865"
"888","SP_0979","SPT_1224","SPD_0866"
"889","SP_0980","SPT_1223","SPD_0867"
"890","SP_0981","SPT_1222","SPD_0868"
"891","SP_0984","SPT_1220","SPD_0870"
"892","SP_0985","SPT_1219","SPD_0871"
"893","SP_0986","SPT_1218","SPD_0872"
"894","SP_0987","SPT_1217","SPD_0873"
"895","SP_0988","SPT_1216","SPD_0874"
"896","SP_0989","SPT_1215","SPD_0875"
"897","SP_0990","SPT_1214","SPD_0876"
"898","SP_0991","SPT_1213","SPD_0877"
"899","SP_0992","SPT_1212","SPD_0878"
"900","SP_0993","SPT_1211","SPD_0879"
"901","SP_0994","SPT_1210","SPD_0880"
"902","SP_0997","SPT_1204","SPD_0883"
"903","SP_0998","SPT_1203","SPD_0884"
"904","SP_0999","SPT_1202","SPD_0885"
"905","SP_1000","SPT_1201","SPD_0886"
"906","SP_1001","SPT_1200","SPD_0887"
"907","SP_1002","SPT_1199","SPD_0888"
"908","SP_1004","SPT_1050","SPD_0890"
"909","SP_1006","",NA
"910","SP_1007","SPT_1054","SPD_0893"
"911","SP_1008","SPT_1055","SPD_0894"
"912","SP_1009","SPT_1062","SPD_0895"
"913","SP_1010","SPT_1063","SPD_0896"
"914","SP_1011","SPT_1064","SPD_0897"
"915","SP_1012","SPT_1065","SPD_0898"
"916","SP_1013","SPT_1067","SPD_0900"
"917","SP_1014","SPT_1068","SPD_0901"
"918","SP_1016","SPT_1069","SPD_0902"
"919","SP_1017","SPT_1070","SPD_0903"
"920","SP_1018","SPT_1071","SPD_0904"
"921","SP_1019","","SPD_0905"
"922","SP_1020","SPT_1072","SPD_0906"
"923","SP_1021","SPT_1073","SPD_0907"
"924","SP_1022","SPT_1074","SPD_0908"
"925","SP_1023","SPT_1075","SPD_0909"
"926","SP_1024","SPT_1076","SPD_0910"
"927","SP_1025","SPT_1077","SPD_0911"
"928","SP_1026","SPT_1078","SPD_0912"
"929","SP_1027","SPT_1079","SPD_0913"
"930","SP_1028","",NA
"931","SP_1029","SPT_1080","SPD_0914"
"932","SP_1030","SPT_1081",NA
"933","SP_1031","",NA
"934","SP_1032","SPT_1082","SPD_0915"
"935","SP_1033","SPT_1083","SPD_0916"
"936","SP_1034","SPT_1084","SPD_0917"
"937","SP_1035","SPT_1085","SPD_0918"
"938","SP_1036","",NA
"939","SP_1037","",NA
"940","SP_1038","SPT_1092","SPD_0919"
"941","SP_1039","SPT_1093","SPD_0920"
"942","SP_1040","","SPD_0921"
"943","SP_1041","SPT_1096","SPD_0922"
"944","SP_1042","SPT_1097","SPD_0923"
"945","SP_1043","SPT_1098","SPD_0924"
"946","SP_1044","SPT_1099","SPD_0925"
"947","SP_1045","SPT_1100","SPD_0926"
"948","SP_1047","SPT_1104","SPD_0928"
"949","SP_1048","","SPD_0929"
"950","SP_1049","",NA
"951","SP_1050","","SPD_0930"
"952","SP_1051","","SPD_0931"
"953","SP_1052","","SPD_0932"
"954","SP_1053","","SPD_0933"
"955","SP_1054","","SPD_0934"
"956","SP_1055","","SPD_0935"
"957","SP_1056","","SPD_0936"
"958","SP_1059","",NA
"959","SP_1060","",NA
"960","SP_1062","",NA
"961","SP_1063","",NA
"962","SP_1064","",NA
"963","SP_1065","",NA
"964","SP_1067","SPT_1110","SPD_0952"
"965","SP_1068","SPT_1111","SPD_0953"
"966","SP_1069","SPT_1112","SPD_0954"
"967","SP_1070","SPT_1113","SPD_0955"
"968","SP_1071","SPT_1114","SPD_0956"
"969","SP_1072","SPT_1115","SPD_0957"
"970","SP_1073","SPT_1116","SPD_0958"
"971","SP_1074","SPT_1117","SPD_0959"
"972","SP_1075","SPT_1118","SPD_0960"
"973","SP_1076","SPT_1119","SPD_0961"
"974","SP_1077","SPT_1120","SPD_0962"
"975","SP_1078","SPT_1121","SPD_0963"
"976","SP_1079","SPT_1122","SPD_0964"
"977","SP_1080","SPT_1123","SPD_0965"
"978","SP_1081","SPT_1127","SPD_0967"
"979","SP_1082","SPT_1128","SPD_0968"
"980","SP_1083","SPT_1129","SPD_0969"
"981","SP_1084","SPT_1130","SPD_0970"
"982","SP_1086","","SPD_1967"
"983","SP_1087","SPT_1133","SPD_0973"
"984","SP_1088","SPT_1135","SPD_0975"
"985","SP_1089","SPT_1134","SPD_0974"
"986","SP_1090","SPT_1136","SPD_0976"
"987","SP_1091","",NA
"988","SP_1092","SPT_1137","SPD_0977"
"989","SP_1093","SPT_1138","SPD_0978"
"990","SP_1094","SPT_1139","SPD_0979"
"991","SP_1095","SPT_1140","SPD_0980"
"992","SP_1096","SPT_1141","SPD_0981"
"993","SP_1097","SPT_1142","SPD_0982"
"994","SP_1098","SPT_1143","SPD_0983"
"995","SP_1099","SPT_1144","SPD_0984"
"996","SP_1100","SPT_1145","SPD_0985"
"997","SP_1102","SPT_1149","SPD_0987"
"998","SP_1103","",NA
"999","SP_1104","SPT_1150","SPD_0988"
"1000","SP_1105","SPT_1151","SPD_0989"
"1001","SP_1106","SPT_1152","SPD_0990"
"1002","SP_1107","SPT_1153","SPD_0991"
"1003","SP_1108","SPT_1154","SPD_0992"
"1004","SP_1109","SPT_1155","SPD_0993"
"1005","SP_1110","SPT_1156","SPD_0994"
"1006","SP_1111","SPT_1157","SPD_0995"
"1007","SP_1112","SPT_1158","SPD_0996"
"1008","SP_1113","SPT_1159","SPD_0997"
"1009","SP_1114","SPT_1160","SPD_0998"
"1010","SP_1115","SPT_1161","SPD_0999"
"1011","SP_1116","SPT_1162","SPD_1000"
"1012","SP_1117","SPT_1163","SPD_1001"
"1013","SP_1118","SPT_1164","SPD_1002"
"1014","SP_1119","SPT_1165","SPD_1004"
"1015","SP_1120","",NA
"1016","SP_1121","SPT_1166","SPD_1005"
"1017","SP_1122","SPT_1167","SPD_1006"
"1018","SP_1123","SPT_1168","SPD_1007"
"1019","SP_1124","SPT_1169","SPD_1008"
"1020","SP_1126","SPT_1172","SPD_1011"
"1021","SP_1127","SPT_1171","SPD_1010"
"1022","SP_1128","SPT_1173","SPD_1012"
"1023","SP_1129","SPT_0222",NA
"1024","SP_1130","",NA
"1025","SP_1131","",NA
"1026","SP_1133","",NA
"1027","SP_1134","SPT_0226",NA
"1028","SP_1135","SPT_0227",NA
"1029","SP_1136","SPT_0228",NA
"1030","SP_1137","",NA
"1031","SP_1138","",NA
"1032","SP_1139","",NA
"1033","SP_1140","SPT_0007",NA
"1034","SP_1141","",NA
"1035","SP_1142","",NA
"1036","SP_1143","",NA
"1037","SP_1144","SPT_0614","SPD_0509"
"1038","SP_1145","",NA
"1039","SP_1146","",NA
"1040","SP_1150","",NA
"1041","SP_1151","SPT_1178","SPD_1015"
"1042","SP_1152","SPT_1179","SPD_1016"
"1043","SP_1153","SPT_1180","SPD_1017"
"1044","SP_1155","SPT_1182","SPD_1019"
"1045","SP_1156","SPT_1183","SPD_1020"
"1046","SP_1157","SPT_1184","SPD_1021"
"1047","SP_1158","","SPD_1022"
"1048","SP_1159","SPT_1185","SPD_1023"
"1049","SP_1160","SPT_1186","SPD_1024"
"1050","SP_1161","SPT_1187","SPD_1025"
"1051","SP_1162","SPT_1188","SPD_1026"
"1052","SP_1163","SPT_1189","SPD_1027"
"1053","SP_1164","SPT_1190","SPD_1028"
"1054","SP_1165","",NA
"1055","SP_1166","SPT_1191","SPD_1029"
"1056","SP_1167","SPT_1192","SPD_1030"
"1057","SP_1168","SPT_1193","SPD_1031"
"1058","SP_1169","SPT_1194","SPD_1032"
"1059","SP_1170","SPT_1195","SPD_1033"
"1060","SP_1171","SPT_1196","SPD_1034"
"1061","SP_1172","",NA
"1062","SP_1173","SPT_1197","SPD_1035"
"1063","SP_1176","SPT_1047","SPD_1039"
"1064","SP_1177","SPT_1046","SPD_1040"
"1065","SP_1178","SPT_1045","SPD_1041"
"1066","SP_1179","SPT_1044","SPD_1042"
"1067","SP_1180","SPT_1043","SPD_1043"
"1068","SP_1181","",NA
"1069","SP_1182","SPT_1042","SPD_1044"
"1070","SP_1183","SPT_1041",NA
"1071","SP_1184","SPT_1040","SPD_1046"
"1072","SP_1185","SPT_1039","SPD_1047"
"1073","SP_1186","SPT_1038","SPD_1048"
"1074","SP_1187","SPT_1037","SPD_1049"
"1075","SP_1188","",NA
"1076","SP_1189","",NA
"1077","SP_1190","SPT_1036","SPD_1050"
"1078","SP_1191","SPT_1035","SPD_1051"
"1079","SP_1192","SPT_1034","SPD_1052"
"1080","SP_1193","SPT_1033","SPD_1053"
"1081","SP_1195","",NA
"1082","SP_1197","SPT_1029","SPD_1057"
"1083","SP_1198","",NA
"1084","SP_1199","",NA
"1085","SP_1200","SPT_1026","SPD_1060"
"1086","SP_1201","SPT_1025","SPD_1061"
"1087","SP_1202","SPT_1024","SPD_1062"
"1088","SP_1203","SPT_1023","SPD_1063"
"1089","SP_1204","SPT_1022","SPD_1064"
"1090","SP_1205","SPT_1021","SPD_1065"
"1091","SP_1206","SPT_1020","SPD_1066"
"1092","SP_1207","SPT_1019","SPD_1067"
"1093","SP_1208","SPT_1018","SPD_1068"
"1094","SP_1209","",NA
"1095","SP_1210","SPT_1017","SPD_1069"
"1096","SP_1211","",NA
"1097","SP_1212","SPT_1016","SPD_1070"
"1098","SP_1213","SPT_1015","SPD_1072"
"1099","SP_1215","SPT_1012","SPD_1075"
"1100","SP_1216","",NA
"1101","SP_1217","",NA
"1102","SP_1218","SPT_1011","SPD_1076"
"1103","SP_1219","SPT_1010","SPD_1077"
"1104","SP_1220","SPT_1008","SPD_1078"
"1105","SP_1221","","SPD_1079"
"1106","SP_1222","","SPD_1080"
"1107","SP_1223","SPT_1005","SPD_1081"
"1108","SP_1224","SPT_1004","SPD_1082"
"1109","SP_1225","SPT_1003","SPD_1083"
"1110","SP_1226","SPT_1002","SPD_1084"
"1111","SP_1227","SPT_1001","SPD_1085"
"1112","SP_1228","SPT_1000","SPD_1086"
"1113","SP_1229","SPT_0999","SPD_1087"
"1114","SP_1230","SPT_0998","SPD_1088"
"1115","SP_1231","SPT_0997","SPD_1089"
"1116","SP_1232","SPT_0996","SPD_1090"
"1117","SP_1233","SPT_0995","SPD_1091"
"1118","SP_1234","SPT_0993","SPD_1093"
"1119","SP_1235","SPT_0994","SPD_1092"
"1120","SP_1236","SPT_0992","SPD_1094"
"1121","SP_1237","SPT_0991","SPD_1095"
"1122","SP_1238","SPT_0990","SPD_1096"
"1123","SP_1240","SPT_0989","SPD_1097"
"1124","SP_1241","SPT_0988","SPD_1098"
"1125","SP_1242","SPT_0987","SPD_1099"
"1126","SP_1243","SPT_0986","SPD_1100"
"1127","SP_1244","SPT_0985","SPD_1101"
"1128","SP_1245","SPT_0984","SPD_1102"
"1129","SP_1246","SPT_0983","SPD_1103"
"1130","SP_1247","SPT_0982","SPD_1104"
"1131","SP_1248","SPT_0981","SPD_1105"
"1132","SP_1249","SPT_0979","SPD_1107"
"1133","SP_1250","SPT_0978","SPD_1108"
"1134","SP_1251","SPT_0977","SPD_1109"
"1135","SP_1252","SPT_0976","SPD_1110"
"1136","SP_1253","SPT_0975","SPD_1111"
"1137","SP_1254","SPT_0974","SPD_1112"
"1138","SP_1255","SPT_0973","SPD_1113"
"1139","SP_1256","SPT_0972",NA
"1140","SP_1258","",NA
"1141","SP_1259","SPT_0968","SPD_1117"
"1142","SP_1260","SPT_0967","SPD_1118"
"1143","SP_1261","SPT_0966","SPD_1119"
"1144","SP_1263","SPT_0965","SPD_1120"
"1145","SP_1264","SPT_0964","SPD_1121"
"1146","SP_1265","",NA
"1147","SP_1266","SPT_0962","SPD_1122"
"1148","SP_1267","SPT_0961","SPD_1123"
"1149","SP_1268","SPT_0960","SPD_1124"
"1150","SP_1269","SPT_0959","SPD_1125"
"1151","SP_1270","SPT_0958","SPD_1126"
"1152","SP_1271","SPT_0957","SPD_1127"
"1153","SP_1272","SPT_0956","SPD_1128"
"1154","SP_1273","SPT_0954","SPD_1129"
"1155","SP_1274","SPT_0953","SPD_1130"
"1156","SP_1275","SPT_0952","SPD_1131"
"1157","SP_1276","SPT_0951","SPD_1132"
"1158","SP_1277","SPT_0950","SPD_1133"
"1159","SP_1278","SPT_0949","SPD_1134"
"1160","SP_1279","SPT_0948","SPD_1135"
"1161","SP_1280","SPT_0947","SPD_1136"
"1162","SP_1281","SPT_0946",NA
"1163","SP_1282","SPT_0945","SPD_1137"
"1164","SP_1283","SPT_0944","SPD_1138"
"1165","SP_1284","SPT_0943","SPD_1139"
"1166","SP_1285","SPT_0942","SPD_1140"
"1167","SP_1286","SPT_0941","SPD_1141"
"1168","SP_1287","SPT_0940","SPD_1142"
"1169","SP_1288","SPT_0939","SPD_1143"
"1170","SP_1289","SPT_0938","SPD_1144"
"1171","SP_1290","SPT_0937","SPD_1145"
"1172","SP_1291","SPT_0936","SPD_1146"
"1173","SP_1292","SPT_0935",NA
"1174","SP_1293","SPT_0933","SPD_1148"
"1175","SP_1294","SPT_0932","SPD_1149"
"1176","SP_1295","SPT_0931","SPD_1150"
"1177","SP_1296","SPT_0930","SPD_1151"
"1178","SP_1297","SPT_0929","SPD_1152"
"1179","SP_1298","SPT_0928","SPD_1153"
"1180","SP_1299","SPT_0927","SPD_1154"
"1181","SP_1300","SPT_0926","SPD_1155"
"1182","SP_1302","SPT_0792",NA
"1183","SP_1303","",NA
"1184","SP_1304","",NA
"1185","SP_1305","",NA
"1186","SP_1306","SPT_0923","SPD_1158"
"1187","SP_1307","","SPD_1159"
"1188","SP_1310","","SPD_0971"
"1189","SP_1315","",NA
"1190","SP_1316","",NA
"1191","SP_1317","",NA
"1192","SP_1318","",NA
"1193","SP_1319","",NA
"1194","SP_1320","",NA
"1195","SP_1321","",NA
"1196","SP_1322","",NA
"1197","SP_1323","",NA
"1198","SP_1324","",NA
"1199","SP_1325","",NA
"1200","SP_1327","",NA
"1201","SP_1328","",NA
"1202","SP_1329","",NA
"1203","SP_1330","",NA
"1204","SP_1331","",NA
"1205","SP_1336","",NA
"1206","SP_1338","",NA
"1207","SP_1339","",NA
"1208","SP_1340","","SPD_1175"
"1209","SP_1341","","SPD_1176"
"1210","SP_1342","","SPD_1177"
"1211","SP_1343","","SPD_1178"
"1212","SP_1345","",NA
"1213","SP_1350","","SPD_1184"
"1214","SP_1351","",NA
"1215","SP_1353","",NA
"1216","SP_1354","SPT_0921","SPD_1187"
"1217","SP_1355","SPT_0920","SPD_1188"
"1218","SP_1356","SPT_0919","SPD_1190"
"1219","SP_1357","SPT_0918","SPD_1191"
"1220","SP_1358","SPT_0917","SPD_1192"
"1221","SP_1359","SPT_0916","SPD_1193"
"1222","SP_1360","SPT_0914","SPD_1194"
"1223","SP_1361","","SPD_1195"
"1224","SP_1362","SPT_0911","SPD_1196"
"1225","SP_1363","SPT_0910","SPD_1197"
"1226","SP_1364","SPT_0909","SPD_1198"
"1227","SP_1365","SPT_0908","SPD_1199"
"1228","SP_1366","SPT_0907","SPD_1200"
"1229","SP_1367","SPT_0906","SPD_1201"
"1230","SP_1368","SPT_0905","SPD_1202"
"1231","SP_1369","SPT_0904","SPD_1203"
"1232","SP_1370","SPT_0903","SPD_1204"
"1233","SP_1371","SPT_0902","SPD_1205"
"1234","SP_1372","SPT_0901","SPD_1206"
"1235","SP_1373","SPT_0900","SPD_1207"
"1236","SP_1374","SPT_0899","SPD_1208"
"1237","SP_1375","SPT_0898","SPD_1209"
"1238","SP_1376","SPT_0897","SPD_1210"
"1239","SP_1377","SPT_0896","SPD_1211"
"1240","SP_1378","SPT_0895","SPD_1212"
"1241","SP_1379","",NA
"1242","SP_1380","SPT_0894","SPD_1213"
"1243","SP_1381","SPT_0893","SPD_1214"
"1244","SP_1382","SPT_0892","SPD_1215"
"1245","SP_1383","SPT_0891","SPD_1216"
"1246","SP_1384","SPT_0890","SPD_1217"
"1247","SP_1385","",NA
"1248","SP_1386","SPT_0889","SPD_1218"
"1249","SP_1387","SPT_0888","SPD_1219"
"1250","SP_1388","SPT_0887","SPD_1220"
"1251","SP_1389","SPT_0886","SPD_1221"
"1252","SP_1390","SPT_0885","SPD_1222"
"1253","SP_1391","SPT_0884","SPD_1223"
"1254","SP_1392","SPT_0882","SPD_1224"
"1255","SP_1393","SPT_0881","SPD_1225"
"1256","SP_1394","SPT_0880","SPD_1226"
"1257","SP_1395","SPT_0879","SPD_1227"
"1258","SP_1396","SPT_0878","SPD_1228"
"1259","SP_1397","SPT_0877","SPD_1229"
"1260","SP_1398","SPT_0876","SPD_1230"
"1261","SP_1399","SPT_0875","SPD_1231"
"1262","SP_1400","SPT_0874","SPD_1232"
"1263","SP_1401","SPT_0873",NA
"1264","SP_1402","SPT_0872","SPD_1233"
"1265","SP_1403","SPT_0871","SPD_1234"
"1266","SP_1404","SPT_0870","SPD_1235"
"1267","SP_1405","SPT_0869","SPD_1236"
"1268","SP_1406","SPT_0868","SPD_1237"
"1269","SP_1407","SPT_0867","SPD_1238"
"1270","SP_1408","SPT_0866","SPD_1239"
"1271","SP_1409","SPT_0865","SPD_1240"
"1272","SP_1410","SPT_0864","SPD_1241"
"1273","SP_1411","SPT_0863","SPD_1242"
"1274","SP_1412","SPT_0862","SPD_1243"
"1275","SP_1413","SPT_0861","SPD_1244"
"1276","SP_1414","SPT_0860","SPD_1245"
"1277","SP_1415","SPT_0859","SPD_1246"
"1278","SP_1416","SPT_0858","SPD_1247"
"1279","SP_1419","SPT_0855","SPD_1249"
"1280","SP_1420","SPT_0854","SPD_1250"
"1281","SP_1421","SPT_0853","SPD_1251"
"1282","SP_1422","SPT_0852","SPD_1252"
"1283","SP_1423","SPT_0851","SPD_1253"
"1284","SP_1424","SPT_0850","SPD_1254"
"1285","SP_1425","",NA
"1286","SP_1426","SPT_0849","SPD_1255"
"1287","SP_1427","SPT_0848","SPD_1256"
"1288","SP_1428","",NA
"1289","SP_1429","SPT_0846","SPD_1258"
"1290","SP_1431","SPT_0843","SPD_1260"
"1291","SP_1432","SPT_0833","SPD_1261"
"1292","SP_1433","SPT_0834","SPD_1262"
"1293","SP_1434","SPT_0835","SPD_1263"
"1294","SP_1435","SPT_0836","SPD_1264"
"1295","SP_1436","SPT_0837","SPD_1265"
"1296","SP_1437","SPT_0838","SPD_1266"
"1297","SP_1438","SPT_0839","SPD_1267"
"1298","SP_1442","SPT_1388","SPD_1272"
"1299","SP_1443","","SPD_1273"
"1300","SP_1314","",NA
"1301","SP_1445","SPT_0829","SPD_1274"
"1302","SP_1446","SPT_0828","SPD_1275"
"1303","SP_1447","SPT_0827","SPD_1276"
"1304","SP_1448","SPT_0826","SPD_1277"
"1305","SP_1449","SPT_0825","SPD_1278"
"1306","SP_1450","SPT_0824","SPD_1279"
"1307","SP_1451","SPT_0823","SPD_1280"
"1308","SP_1452","","SPD_1281"
"1309","SP_1453","","SPD_1282"
"1310","SP_1454","","SPD_1283"
"1311","SP_1455","",NA
"1312","SP_1456","SPT_0819","SPD_1285"
"1313","SP_1457","SPT_0818","SPD_1286"
"1314","SP_1458","SPT_0817","SPD_1287"
"1315","SP_1459","SPT_0816","SPD_1288"
"1316","SP_1460","SPT_0815","SPD_1289"
"1317","SP_1461","SPT_0814","SPD_1290"
"1318","SP_1462","SPT_0813","SPD_1291"
"1319","SP_1463","SPT_0812","SPD_1292"
"1320","SP_1464","SPT_0811","SPD_1293"
"1321","SP_1465","SPT_0810","SPD_1294"
"1322","SP_1466","SPT_0809","SPD_1295"
"1323","SP_1467","SPT_0808","SPD_1296"
"1324","SP_1468","SPT_0807","SPD_1297"
"1325","SP_1469","SPT_0806","SPD_1298"
"1326","SP_1470","SPT_0805","SPD_1300"
"1327","SP_1471","SPT_0804","SPD_1301"
"1328","SP_1472","SPT_0803","SPD_1302"
"1329","SP_1473","SPT_0802","SPD_1303"
"1330","SP_1474","SPT_0801","SPD_1304"
"1331","SP_1475","SPT_0800","SPD_1305"
"1332","SP_1476","SPT_0799","SPD_1306"
"1333","SP_1477","","SPD_1307"
"1334","SP_1478","SPT_0798","SPD_1308"
"1335","SP_1479","SPT_0797","SPD_1309"
"1336","SP_1480","","SPD_1310"
"1337","SP_1481","",NA
"1338","SP_1482","SPT_0795","SPD_1311"
"1339","SP_1483","","SPD_1312"
"1340","SP_1487","","SPD_1316"
"1341","SP_1488","","SPD_1317"
"1342","SP_1489","SPT_1426","SPD_1318"
"1343","SP_1490","",NA
"1344","SP_1491","SPT_1428","SPD_1320"
"1345","SP_1492","SPT_1429","SPD_1321"
"1346","SP_1493","SPT_1430","SPD_1322"
"1347","SP_1494","SPT_1431","SPD_1323"
"1348","SP_1495","",NA
"1349","SP_1496","SPT_1432","SPD_1324"
"1350","SP_1498","SPT_1435","SPD_1326"
"1351","SP_1499","SPT_1436","SPD_1327"
"1352","SP_1500","SPT_1437","SPD_1328"
"1353","SP_1501","SPT_1438","SPD_1329"
"1354","SP_1502","SPT_1439","SPD_1330"
"1355","SP_1504","SPT_1440","SPD_1331"
"1356","SP_1505","SPT_1441","SPD_1332"
"1357","SP_1506","SPT_1442","SPD_1333"
"1358","SP_1507","SPT_1443","SPD_1334"
"1359","SP_1508","SPT_1444","SPD_1335"
"1360","SP_1509","SPT_1445","SPD_1336"
"1361","SP_1510","SPT_1446","SPD_1337"
"1362","SP_1511","SPT_1447","SPD_1338"
"1363","SP_1512","SPT_1448","SPD_1339"
"1364","SP_1513","SPT_1449","SPD_1340"
"1365","SP_1514","SPT_1450","SPD_1341"
"1366","SP_1516","SPT_1453","SPD_1343"
"1367","SP_1517","SPT_1455","SPD_1345"
"1368","SP_1518","SPT_1456","SPD_1346"
"1369","SP_1519","SPT_1457","SPD_1347"
"1370","SP_1520","SPT_1458","SPD_1348"
"1371","SP_1521","SPT_1459","SPD_1349"
"1372","SP_1522","SPT_1460","SPD_1350"
"1373","SP_1523","SPT_1461","SPD_1351"
"1374","SP_1524","SPT_1462","SPD_1352"
"1375","SP_1525","SPT_1463","SPD_1353"
"1376","SP_1528","",NA
"1377","SP_1529","SPT_1467","SPD_1358"
"1378","SP_1530","SPT_1468","SPD_1359"
"1379","SP_1531","SPT_1469","SPD_1360"
"1380","SP_1533","SPT_1471","SPD_1362"
"1381","SP_1534","SPT_1472","SPD_1363"
"1382","SP_1535","SPT_1473","SPD_1364"
"1383","SP_1536","SPT_1474","SPD_1365"
"1384","SP_1537","SPT_1475","SPD_1366"
"1385","SP_1538","SPT_1476","SPD_1367"
"1386","SP_1539","SPT_1477","SPD_1368"
"1387","SP_1540","SPT_1478","SPD_1369"
"1388","SP_1541","SPT_1479","SPD_1370"
"1389","SP_1542","SPT_1480","SPD_1371"
"1390","SP_1544","SPT_1482","SPD_1373"
"1391","SP_1545","SPT_1483","SPD_1374"
"1392","SP_1546","SPT_1485","SPD_1375"
"1393","SP_1547","SPT_1488","SPD_1378"
"1394","SP_1548","SPT_1490","SPD_1380"
"1395","SP_1549","SPT_1491","SPD_1381"
"1396","SP_1550","SPT_1492","SPD_1382"
"1397","SP_1551","SPT_1493","SPD_1383"
"1398","SP_1552","SPT_1494","SPD_1384"
"1399","SP_1553","SPT_1495","SPD_1385"
"1400","SP_1554","SPT_1496","SPD_1386"
"1401","SP_1555","SPT_1497","SPD_1387"
"1402","SP_1556","",NA
"1403","SP_1557","SPT_1498","SPD_1388"
"1404","SP_1558","SPT_1499","SPD_1389"
"1405","SP_1559","SPT_1500","SPD_1390"
"1406","SP_1560","SPT_1501","SPD_1391"
"1407","SP_1561","SPT_1502","SPD_1392"
"1408","SP_1562","",NA
"1409","SP_1563","SPT_1503","SPD_1393"
"1410","SP_1564","SPT_1504","SPD_1394"
"1411","SP_1565","SPT_1505","SPD_1395"
"1412","SP_1566","SPT_1506","SPD_1396"
"1413","SP_1567","SPT_1507","SPD_1397"
"1414","SP_1568","SPT_1508","SPD_1398"
"1415","SP_1569","SPT_1509","SPD_1399"
"1416","SP_1570","SPT_1510","SPD_1400"
"1417","SP_1571","SPT_1511","SPD_1401"
"1418","SP_1572","SPT_1512","SPD_1402"
"1419","SP_1573","SPT_1513","SPD_1403"
"1420","SP_1574","SPT_1514","SPD_1404"
"1421","SP_1575","SPT_1515","SPD_1405"
"1422","SP_1576","SPT_1516","SPD_1406"
"1423","SP_1577","SPT_1517","SPD_1407"
"1424","SP_1578","SPT_1519","SPD_1408"
"1425","SP_1579","",NA
"1426","SP_1580","SPT_1520","SPD_1409"
"1427","SP_1581","",NA
"1428","SP_1583","SPT_1522","SPD_1411"
"1429","SP_1584","SPT_1523","SPD_1412"
"1430","SP_1585","",NA
"1431","SP_1586","SPT_1524","SPD_1413"
"1432","SP_1587","SPT_1525","SPD_1414"
"1433","SP_1588","SPT_1526","SPD_1415"
"1434","SP_1589","SPT_1527","SPD_1416"
"1435","SP_1590","SPT_1528","SPD_1417"
"1436","SP_1591","SPT_1529","SPD_1418"
"1437","SP_1592","SPT_1530","SPD_1419"
"1438","SP_1596","SPT_1534","SPD_0499"
"1439","SP_1597","SPT_1535","SPD_1422"
"1440","SP_1598","SPT_1536","SPD_1423"
"1441","SP_1599","SPT_1537","SPD_1424"
"1442","SP_1600","SPT_1538","SPD_1425"
"1443","SP_1601","SPT_1541","SPD_1426"
"1444","SP_1602","SPT_1542","SPD_1427"
"1445","SP_1603","SPT_1543","SPD_1428"
"1446","SP_1604","SPT_1544","SPD_1429"
"1447","SP_1605","SPT_1545","SPD_1430"
"1448","SP_1606","SPT_1546","SPD_1431"
"1449","SP_1607","SPT_1547","SPD_1432"
"1450","SP_1608","SPT_1549","SPD_1433"
"1451","SP_1609","SPT_1550","SPD_1434"
"1452","SP_1610","SPT_1551","SPD_1435"
"1453","SP_1611","",NA
"1454","SP_1612","SPT_1553",NA
"1455","SP_1616","SPT_1556",NA
"1456","SP_1617","SPT_1557",NA
"1457","SP_1618","",NA
"1458","SP_1619","SPT_1559",NA
"1459","SP_1620","SPT_1560",NA
"1460","SP_1621","SPT_1561",NA
"1461","SP_1622","",NA
"1462","SP_1623","SPT_1562","SPD_1436"
"1463","SP_1624","SPT_1563","SPD_1437"
"1464","SP_1625","SPT_1564","SPD_1438"
"1465","SP_1626","SPT_1565","SPD_1439"
"1466","SP_1627","SPT_1566","SPD_1440"
"1467","SP_1628","",NA
"1468","SP_1629","",NA
"1469","SP_1630","SPT_1569","SPD_1442"
"1470","SP_1631","SPT_1570","SPD_1444"
"1471","SP_1632","SPT_1571","SPD_1445"
"1472","SP_1633","SPT_1572","SPD_1446"
"1473","SP_1634","SPT_1573","SPD_1447"
"1474","SP_1635","SPT_1574",NA
"1475","SP_1636","SPT_1575","SPD_1448"
"1476","SP_1637","SPT_1576","SPD_1449"
"1477","SP_1638","SPT_1577","SPD_1450"
"1478","SP_1640","SPT_1579","SPD_1452"
"1479","SP_1641","SPT_1582","SPD_1454"
"1480","SP_1642","","SPD_1455"
"1481","SP_1643","SPT_1583","SPD_1456"
"1482","SP_1644","SPT_1584","SPD_1457"
"1483","SP_1645","SPT_1585","SPD_1458"
"1484","SP_1646","SPT_1586","SPD_1459"
"1485","SP_1647","SPT_1587","SPD_1460"
"1486","SP_1648","SPT_1588","SPD_1461"
"1487","SP_1649","SPT_1589","SPD_1462"
"1488","SP_1650","SPT_1590","SPD_1463"
"1489","SP_1651","SPT_1591","SPD_1464"
"1490","SP_1652","SPT_1592","SPD_1465"
"1491","SP_1653","SPT_1593","SPD_1466"
"1492","SP_1654","SPT_1594","SPD_1467"
"1493","SP_1655","SPT_1595","SPD_1468"
"1494","SP_1656","SPT_1596","SPD_1469"
"1495","SP_1657","",NA
"1496","SP_1658","SPT_1597","SPD_1470"
"1497","SP_1659","SPT_1598","SPD_1472"
"1498","SP_1660","",NA
"1499","SP_1661","SPT_1600","SPD_1474"
"1500","SP_1662","SPT_1601","SPD_1475"
"1501","SP_1663","SPT_1602","SPD_1476"
"1502","SP_1664","SPT_1603","SPD_1477"
"1503","SP_1665","SPT_1604","SPD_1478"
"1504","SP_1666","SPT_1605","SPD_1479"
"1505","SP_1667","SPT_1606","SPD_1480"
"1506","SP_1668","SPT_1607","SPD_1481"
"1507","SP_1669","SPT_1608","SPD_1482"
"1508","SP_1670","SPT_1609","SPD_1483"
"1509","SP_1671","SPT_1610","SPD_1484"
"1510","SP_1672","SPT_1611","SPD_1485"
"1511","SP_1673","SPT_1612","SPD_1486"
"1512","SP_1674","SPT_1613","SPD_1487"
"1513","SP_1675","SPT_1614","SPD_1488"
"1514","SP_1676","SPT_1615","SPD_1163"
"1515","SP_1677","","SPD_1490"
"1516","SP_1678","",NA
"1517","SP_1679","SPT_1617","SPD_1491"
"1518","SP_1680","SPT_1618","SPD_1492"
"1519","SP_1681","SPT_1619","SPD_1493"
"1520","SP_1682","SPT_1620","SPD_1494"
"1521","SP_1683","SPT_1621","SPD_1495"
"1522","SP_1684","SPT_1622","SPD_1496"
"1523","SP_1685","SPT_1623","SPD_1497"
"1524","SP_1686","SPT_1624","SPD_1498"
"1525","SP_1688","SPT_1626","SPD_1500"
"1526","SP_1689","SPT_1627","SPD_1501"
"1527","SP_1690","SPT_1628","SPD_1502"
"1528","SP_1691","SPT_1629","SPD_1503"
"1529","SP_1694","SPT_1631","SPD_1505"
"1530","SP_1695","","SPD_1506"
"1531","SP_1696","",NA
"1532","SP_1697","SPT_1635","SPD_1507"
"1533","SP_1698","SPT_1636","SPD_1508"
"1534","SP_1699","SPT_1637","SPD_1509"
"1535","SP_1700","SPT_1638","SPD_1510"
"1536","SP_1701","SPT_1639","SPD_1511"
"1537","SP_1702","SPT_1640","SPD_1512"
"1538","SP_1703","SPT_1641",NA
"1539","SP_1704","SPT_1642","SPD_1514"
"1540","SP_1705","SPT_1643","SPD_1515"
"1541","SP_1706","SPT_1644","SPD_1516"
"1542","SP_1707","SPT_1645",NA
"1543","SP_1708","SPT_1646",NA
"1544","SP_1709","SPT_1647","SPD_1519"
"1545","SP_1710","SPT_1648","SPD_1520"
"1546","SP_1711","SPT_1649","SPD_1521"
"1547","SP_1712","SPT_1650","SPD_1522"
"1548","SP_1713","SPT_1651","SPD_1523"
"1549","SP_1714","SPT_1652","SPD_1524"
"1550","SP_1715","SPT_1653","SPD_1526"
"1551","SP_1716","SPT_1655","SPD_1527"
"1552","SP_1717","SPT_1656","SPD_1528"
"1553","SP_1718","",NA
"1554","SP_1720","SPT_1658","SPD_1530"
"1555","SP_1721","SPT_1659","SPD_1531"
"1556","SP_1722","SPT_1660","SPD_1532"
"1557","SP_1723","","SPD_1533"
"1558","SP_1724","SPT_1662","SPD_1534"
"1559","SP_1725","SPT_1663","SPD_1535"
"1560","SP_1726","SPT_1664","SPD_1536"
"1561","SP_1727","SPT_1665","SPD_1537"
"1562","SP_1728","","SPD_1538"
"1563","SP_1729","SPT_1031","SPD_0972"
"1564","SP_1730","SPT_1668","SPD_1540"
"1565","SP_1731","SPT_1669","SPD_1541"
"1566","SP_1732","SPT_1670","SPD_1542"
"1567","SP_1733","SPT_1671","SPD_1543"
"1568","SP_1734","SPT_1672","SPD_1544"
"1569","SP_1735","SPT_1673","SPD_1545"
"1570","SP_1736","SPT_1674","SPD_1546"
"1571","SP_1737","SPT_1675","SPD_1547"
"1572","SP_1738","SPT_1676","SPD_1548"
"1573","SP_1739","SPT_1677","SPD_1549"
"1574","SP_1740","","SPD_1550"
"1575","SP_1741","SPT_1678","SPD_1551"
"1576","SP_1742","SPT_1680","SPD_1552"
"1577","SP_1743","SPT_1681","SPD_1553"
"1578","SP_1744","SPT_1682","SPD_1554"
"1579","SP_1745","SPT_1683","SPD_1555"
"1580","SP_1746","SPT_1684","SPD_1556"
"1581","SP_1747","SPT_1685","SPD_1557"
"1582","SP_1748","SPT_1686","SPD_1558"
"1583","SP_1749","SPT_1687","SPD_1559"
"1584","SP_1750","SPT_1688","SPD_1560"
"1585","SP_1751","SPT_1689","SPD_1561"
"1586","SP_1752","SPT_1690","SPD_1562"
"1587","SP_1754","SPT_1693","SPD_1564"
"1588","SP_1755","",NA
"1589","SP_1756","",NA
"1590","SP_1758","",NA
"1591","SP_1759","",NA
"1592","SP_1760","",NA
"1593","SP_1761","",NA
"1594","SP_1762","",NA
"1595","SP_1763","",NA
"1596","SP_1768","",NA
"1597","SP_1772","","SPD_1376"
"1598","SP_1774","SPT_1694","SPD_1565"
"1599","SP_1775","SPT_1695","SPD_1566"
"1600","SP_1776","SPT_1696","SPD_1567"
"1601","SP_1777","SPT_1697","SPD_1568"
"1602","SP_1778","SPT_1699","SPD_1569"
"1603","SP_1779","SPT_1701","SPD_1570"
"1604","SP_1780","SPT_1703","SPD_1571"
"1605","SP_1781","SPT_1704","SPD_1572"
"1606","SP_1782","SPT_1705","SPD_1573"
"1607","SP_1783","SPT_1710","SPD_1574"
"1608","SP_1784","SPT_1711","SPD_1575"
"1609","SP_1785","SPT_1712","SPD_1576"
"1610","SP_1786","SPT_1713","SPD_1577"
"1611","SP_1787","SPT_1714",NA
"1612","SP_1788","",NA
"1613","SP_1789","SPT_1716","SPD_1579"
"1614","SP_1790","SPT_1717","SPD_1580"
"1615","SP_1791","",NA
"1616","SP_1793","",NA
"1617","SP_1794","",NA
"1618","SP_1795","SPT_1719","SPD_1582"
"1619","SP_1796","SPT_1720",NA
"1620","SP_1797","SPT_1721",NA
"1621","SP_1798","SPT_1722",NA
"1622","SP_1799","SPT_1723","SPD_1586"
"1623","SP_1800","SPT_1724","SPD_1587"
"1624","SP_1801","SPT_1725",NA
"1625","SP_1802","SPT_1726","SPD_1588"
"1626","SP_1803","SPT_1727","SPD_1589"
"1627","SP_1804","SPT_1728","SPD_1590"
"1628","SP_1805","SPT_1729","SPD_1591"
"1629","SP_1806","SPT_0671",NA
"1630","SP_1807","SPT_1730","SPD_1592"
"1631","SP_1808","SPT_1731","SPD_1593"
"1632","SP_1809","SPT_1732","SPD_1594"
"1633","SP_1810","SPT_1733","SPD_1595"
"1634","SP_1811","SPT_1734","SPD_1596"
"1635","SP_1812","SPT_1735","SPD_1597"
"1636","SP_1813","SPT_1736","SPD_1598"
"1637","SP_1814","SPT_1737","SPD_1599"
"1638","SP_1815","SPT_1738","SPD_1600"
"1639","SP_1816","SPT_1739","SPD_1601"
"1640","SP_1817","SPT_1740","SPD_1602"
"1641","SP_1818","",NA
"1642","SP_1819","",NA
"1643","SP_1820","",NA
"1644","SP_1821","SPT_1742","SPD_1605"
"1645","SP_1822","",NA
"1646","SP_1823","SPT_1743","SPD_1606"
"1647","SP_1824","SPT_1744","SPD_1607"
"1648","SP_1825","SPT_1745","SPD_1608"
"1649","SP_1826","SPT_1746","SPD_1609"
"1650","SP_1827","SPT_1747","SPD_1610"
"1651","SP_1828","SPT_1748","SPD_1612"
"1652","SP_1830","SPT_1750","SPD_1614"
"1653","SP_1831","SPT_1751","SPD_1615"
"1654","SP_1832","","SPD_1616"
"1655","SP_1833","SPT_1752","SPD_1617"
"1656","SP_1834","",NA
"1657","SP_1835","SPT_1753",NA
"1658","SP_1836","","SPD_1618"
"1659","SP_1837","SPT_1754","SPD_1619"
"1660","SP_1838","SPT_1755","SPD_1620"
"1661","SP_1839","SPT_1756","SPD_1621"
"1662","SP_1840","SPT_1757","SPD_1622"
"1663","SP_1841","SPT_1758","SPD_1623"
"1664","SP_1842","SPT_1759","SPD_1624"
"1665","SP_1843","",NA
"1666","SP_1844","SPT_1760","SPD_1625"
"1667","SP_1845","SPT_1761","SPD_1626"
"1668","SP_1847","SPT_1764","SPD_1628"
"1669","SP_1848","SPT_1765","SPD_1629"
"1670","SP_1849","SPT_1766","SPD_1630"
"1671","SP_1850","SPT_1767","SPD_1631"
"1672","SP_1851","SPT_1768","SPD_1632"
"1673","SP_1853","SPT_1770","SPD_1634"
"1674","SP_1854","SPT_1771","SPD_1635"
"1675","SP_1855","SPT_1772","SPD_1636"
"1676","SP_1856","SPT_1773","SPD_1637"
"1677","SP_1857","SPT_1774","SPD_1638"
"1678","SP_1858","SPT_1775","SPD_1639"
"1679","SP_1859","SPT_1776","SPD_1640"
"1680","SP_1860","SPT_1778","SPD_1642"
"1681","SP_1861","SPT_1779","SPD_1643"
"1682","SP_1862","SPT_1780","SPD_1644"
"1683","SP_1863","SPT_1781","SPD_1645"
"1684","SP_1864","SPT_1782","SPD_1646"
"1685","SP_1865","SPT_1783","SPD_1647"
"1686","SP_1866","",NA
"1687","SP_1867","","SPD_1648"
"1688","SP_1868","SPT_1785",NA
"1689","SP_1869","SPT_1786","SPD_1649"
"1690","SP_1870","SPT_1787","SPD_1650"
"1691","SP_1871","SPT_1788","SPD_1651"
"1692","SP_1872","SPT_1789","SPD_1652"
"1693","SP_1873","SPT_1790","SPD_1653"
"1694","SP_1874","SPT_1791","SPD_1654"
"1695","SP_1875","SPT_1792","SPD_1655"
"1696","SP_1876","SPT_1793","SPD_1656"
"1697","SP_1877","SPT_1794","SPD_1657"
"1698","SP_1878","SPT_1795","SPD_1658"
"1699","SP_1879","SPT_1796","SPD_1659"
"1700","SP_1880","SPT_1797","SPD_1660"
"1701","SP_1881","SPT_1798","SPD_1661"
"1702","SP_1882","SPT_1799","SPD_1662"
"1703","SP_1883","SPT_1800","SPD_1663"
"1704","SP_1884","SPT_1802","SPD_1664"
"1705","SP_1885","SPT_1803","SPD_1665"
"1706","SP_1887","SPT_1809","SPD_1667"
"1707","SP_1888","SPT_1810","SPD_1668"
"1708","SP_1889","SPT_1811","SPD_1669"
"1709","SP_1890","SPT_1812","SPD_1670"
"1710","SP_1892","",NA
"1711","SP_1893","SPT_1814","SPD_1672"
"1712","SP_1894","SPT_1815","SPD_1673"
"1713","SP_1895","SPT_1817","SPD_1675"
"1714","SP_1896","SPT_1818","SPD_1676"
"1715","SP_1897","SPT_1819","SPD_1677"
"1716","SP_1898","SPT_1821","SPD_1678"
"1717","SP_1899","SPT_1822","SPD_1679"
"1718","SP_1900","SPT_1823","SPD_1680"
"1719","SP_1901","SPT_1846","SPD_1704"
"1720","SP_1902","SPT_1847","SPD_1705"
"1721","SP_1903","SPT_1848","SPD_1706"
"1722","SP_1904","SPT_1849","SPD_1707"
"1723","SP_1906","SPT_1855","SPD_1709"
"1724","SP_1907","SPT_1856","SPD_1710"
"1725","SP_1908","SPT_1857","SPD_1711"
"1726","SP_1909","SPT_1858","SPD_1712"
"1727","SP_1910","SPT_1859","SPD_1713"
"1728","SP_1911","SPT_1860","SPD_1714"
"1729","SP_1912","SPT_1861","SPD_1715"
"1730","SP_1914","SPT_1864","SPD_1717"
"1731","SP_1915","SPT_1865","SPD_1718"
"1732","SP_1916","SPT_1866","SPD_1719"
"1733","SP_1917","SPT_1867","SPD_1720"
"1734","SP_1918","SPT_1868","SPD_1721"
"1735","SP_1919","SPT_1869",NA
"1736","SP_1920","SPT_1870","SPD_1723"
"1737","SP_1921","",NA
"1738","SP_1922","SPT_1871","SPD_1725"
"1739","SP_1923","SPT_1872","SPD_1726"
"1740","SP_1924","SPT_1873","SPD_1727"
"1741","SP_1925","SPT_1874","SPD_1728"
"1742","SP_1926","SPT_1875","SPD_1729"
"1743","SP_1928","",NA
"1744","SP_1929","SPT_0776",NA
"1745","SP_1930","SPT_1888","SPD_1731"
"1746","SP_1931","SPT_1889","SPD_1732"
"1747","SP_1932","SPT_1890","SPD_1733"
"1748","SP_1933","SPT_1891","SPD_1734"
"1749","SP_1934","SPT_1892","SPD_1735"
"1750","SP_1935","SPT_1893","SPD_1736"
"1751","SP_1936","SPT_1894",NA
"1752","SP_1937","SPT_1895","SPD_1737"
"1753","SP_1938","SPT_1896",NA
"1754","SP_1939","SPT_1897","SPD_1738"
"1755","SP_1940","SPT_1898","SPD_1739"
"1756","SP_1941","SPT_1899","SPD_1740"
"1757","SP_1942","SPT_1900","SPD_1741"
"1758","SP_1943","SPT_1901","SPD_1742"
"1759","SP_1944","SPT_1902","SPD_1743"
"1760","SP_1945","SPT_1903","SPD_1744"
"1761","SP_1946","SPT_1904","SPD_1745"
"1762","SP_1947","SPT_1905","SPD_1746"
"1763","SP_1950","","SPD_1749"
"1764","SP_1951","","SPD_1750"
"1765","SP_1952","","SPD_1751"
"1766","SP_1953","","SPD_1752"
"1767","SP_1954","","SPD_1753"
"1768","SP_1955","",NA
"1769","SP_1956","SPT_1933","SPD_1754"
"1770","SP_1957","SPT_1934","SPD_1755"
"1771","SP_1958","SPT_1935","SPD_1756"
"1772","SP_1959","SPT_1936","SPD_1757"
"1773","SP_1960","SPT_1937","SPD_1758"
"1774","SP_1961","SPT_1938","SPD_1759"
"1775","SP_1962","",NA
"1776","SP_1963","SPT_1942","SPD_1761"
"1777","SP_1964","SPT_1943","SPD_1762"
"1778","SP_1965","SPT_1944","SPD_1763"
"1779","SP_1966","SPT_1945","SPD_1764"
"1780","SP_1967","SPT_1947","SPD_1765"
"1781","SP_1968","SPT_1948","SPD_1766"
"1782","SP_1969","SPT_1949","SPD_1767"
"1783","SP_1970","SPT_1950","SPD_1768"
"1784","SP_1971","SPT_1951","SPD_1770"
"1785","SP_1972","SPT_1952","SPD_1769"
"1786","SP_1973","SPT_1953","SPD_1771"
"1787","SP_1974","SPT_1954","SPD_1772"
"1788","SP_1975","SPT_1955","SPD_1773"
"1789","SP_1976","SPT_1956","SPD_1774"
"1790","SP_1977","",NA
"1791","SP_1978","SPT_1957","SPD_1775"
"1792","SP_1979","SPT_1958","SPD_1776"
"1793","SP_1980","SPT_1959","SPD_1777"
"1794","SP_1981","SPT_1960","SPD_1778"
"1795","SP_1982","SPT_1961","SPD_1779"
"1796","SP_1983","SPT_1962","SPD_1780"
"1797","SP_1984","SPT_1963","SPD_1781"
"1798","SP_1985","SPT_1964","SPD_1782"
"1799","SP_1986","SPT_1966","SPD_1783"
"1800","SP_1987","SPT_1967","SPD_1784"
"1801","SP_1988","SPT_1968","SPD_1785"
"1802","SP_1989","SPT_1969","SPD_1786"
"1803","SP_1990","SPT_1970","SPD_1787"
"1804","SP_1991","SPT_1971","SPD_1788"
"1805","SP_1992","SPT_1972","SPD_1789"
"1806","SP_1993","SPT_1973","SPD_1790"
"1807","SP_1994","SPT_1974","SPD_1791"
"1808","SP_1995","SPT_1975","SPD_1792"
"1809","SP_1996","SPT_1976","SPD_1793"
"1810","SP_1997","SPT_1977","SPD_1794"
"1811","SP_1998","SPT_1978","SPD_1796"
"1812","SP_1999","SPT_1980","SPD_1797"
"1813","SP_2000","SPT_1981","SPD_1798"
"1814","SP_2001","SPT_1982","SPD_1799"
"1815","SP_2002","SPT_1983","SPD_1800"
"1816","SP_2003","SPT_1984","SPD_1801"
"1817","SP_2004","SPT_1985","SPD_1802"
"1818","SP_2005","SPT_1986","SPD_1803"
"1819","SP_2007","SPT_2003","SPD_1819"
"1820","SP_2008","SPT_2004","SPD_1820"
"1821","SP_2009","SPT_2005",NA
"1822","SP_2010","SPT_2006","SPD_1821"
"1823","SP_2011","SPT_2007","SPD_1822"
"1824","SP_2012","SPT_2008","SPD_1823"
"1825","SP_2013","SPT_2009","SPD_1824"
"1826","SP_2016","SPT_2013","SPD_1826"
"1827","SP_2017","SPT_2014","SPD_1827"
"1828","SP_2020","SPT_2016","SPD_1829"
"1829","SP_2021","SPT_2017","SPD_1830"
"1830","SP_2022","SPT_2018","SPD_1831"
"1831","SP_2023","SPT_2019","SPD_1832"
"1832","SP_2024","SPT_2020","SPD_1833"
"1833","SP_2025","",NA
"1834","SP_2026","SPT_2021","SPD_1834"
"1835","SP_2027","SPT_2022","SPD_1836"
"1836","SP_2028","SPT_2023","SPD_1837"
"1837","SP_2029","SPT_2024","SPD_1838"
"1838","SP_2031","SPT_2026","SPD_1840"
"1839","SP_2032","SPT_2027","SPD_1841"
"1840","SP_2033","SPT_2028","SPD_1842"
"1841","SP_2034","SPT_2029","SPD_1843"
"1842","SP_2035","SPT_2030","SPD_1844"
"1843","SP_2036","SPT_2031","SPD_1845"
"1844","SP_2037","SPT_2032","SPD_1846"
"1845","SP_2038","SPT_2033","SPD_1847"
"1846","SP_2039","SPT_2034","SPD_1848"
"1847","SP_2040","SPT_2035","SPD_1849"
"1848","SP_2041","SPT_2036","SPD_1850"
"1849","SP_2042","SPT_2037","SPD_1851"
"1850","SP_2043","SPT_2038","SPD_1852"
"1851","SP_2044","SPT_2039","SPD_1853"
"1852","SP_2045","SPT_2040","SPD_1854"
"1853","SP_2047","SPT_2042","SPD_1857"
"1854","SP_2048","SPT_2043","SPD_1858"
"1855","SP_2049","SPT_2044","SPD_1859"
"1856","SP_2050","SPT_2045","SPD_1860"
"1857","SP_2051","SPT_2046","SPD_1861"
"1858","SP_2052","SPT_2047","SPD_1862"
"1859","SP_2053","SPT_2048","SPD_1863"
"1860","SP_2054","SPT_2049","SPD_1864"
"1861","SP_2055","SPT_2050","SPD_1865"
"1862","SP_2056","SPT_2051","SPD_1866"
"1863","SP_2057","SPT_2052","SPD_1867"
"1864","SP_2058","SPT_2053","SPD_1868"
"1865","SP_2059","SPT_2054","SPD_1869"
"1866","SP_2060","SPT_2055",NA
"1867","SP_2061","SPT_2056","SPD_1871"
"1868","SP_2062","SPT_2057",NA
"1869","SP_2063","SPT_2058","SPD_1874"
"1870","SP_2064","SPT_2059","SPD_1875"
"1871","SP_2065","SPT_2060","SPD_1876"
"1872","SP_2066","SPT_2061","SPD_1877"
"1873","SP_2067","SPT_2062","SPD_1878"
"1874","SP_2068","SPT_2079","SPD_1895"
"1875","SP_2069","SPT_2080","SPD_1896"
"1876","SP_2070","SPT_2081","SPD_1897"
"1877","SP_2071","SPT_2082","SPD_1898"
"1878","SP_2072","SPT_2083","SPD_1899"
"1879","SP_2073","SPT_2084","SPD_1900"
"1880","SP_2075","SPT_2086","SPD_1902"
"1881","SP_2077","SPT_2088","SPD_1904"
"1882","SP_2078","SPT_2089","SPD_1905"
"1883","SP_2079","SPT_2090",NA
"1884","SP_2081","SPT_2091","SPD_1907"
"1885","SP_2082","SPT_2092","SPD_1908"
"1886","SP_2083","SPT_2093","SPD_1909"
"1887","SP_2084","SPT_2094","SPD_1910"
"1888","SP_2085","SPT_2095","SPD_1911"
"1889","SP_2086","SPT_2096","SPD_1912"
"1890","SP_2087","SPT_2097","SPD_1913"
"1891","SP_2088","SPT_2098","SPD_1914"
"1892","SP_2090","","SPD_1916"
"1893","SP_2091","SPT_2101","SPD_1918"
"1894","SP_2092","SPT_2102","SPD_1919"
"1895","SP_2093","",NA
"1896","SP_2094","SPT_2103","SPD_1920"
"1897","SP_2095","SPT_2104","SPD_1921"
"1898","SP_2096","SPT_2105","SPD_1922"
"1899","SP_2097","SPT_2106","SPD_1923"
"1900","SP_2098","SPT_2107","SPD_1924"
"1901","SP_2099","SPT_2108","SPD_1925"
"1902","SP_2100","SPT_2109","SPD_1926"
"1903","SP_2101","SPT_2110","SPD_1927"
"1904","SP_2102","SPT_2111","SPD_1928"
"1905","SP_2103","SPT_2112","SPD_1929"
"1906","SP_2104","SPT_2113","SPD_1930"
"1907","SP_2105","","SPD_1931"
"1908","SP_2106","SPT_2114","SPD_1932"
"1909","SP_2107","SPT_2115","SPD_1933"
"1910","SP_2108","SPT_2116","SPD_1934"
"1911","SP_2109","SPT_2117","SPD_1935"
"1912","SP_2110","SPT_2118","SPD_1936"
"1913","SP_2111","SPT_2119","SPD_1937"
"1914","SP_2112","SPT_2120","SPD_1938"
"1915","SP_2113","SPT_2121","SPD_1940"
"1916","SP_2114","SPT_2122","SPD_1941"
"1917","SP_2115","SPT_2124","SPD_1943"
"1918","SP_2116","SPT_2125","SPD_1944"
"1919","SP_2117","SPT_2126","SPD_1945"
"1920","SP_2118","SPT_2127","SPD_1946"
"1921","SP_2119","SPT_2128","SPD_1947"
"1922","SP_2120","SPT_2129","SPD_1948"
"1923","SP_2121","SPT_2132","SPD_1950"
"1924","SP_2122","SPT_2133","SPD_1951"
"1925","SP_2124","SPT_2135","SPD_1953"
"1926","SP_2125","SPT_2136","SPD_1954"
"1927","SP_2126","SPT_2138","SPD_1956"
"1928","SP_2127","SPT_2139","SPD_1957"
"1929","SP_2128","SPT_2140","SPD_1958"
"1930","SP_2129","SPT_2141","SPD_1959"
"1931","SP_2130","SPT_2142","SPD_1960"
"1932","SP_2131","SPT_2143","SPD_1961"
"1933","SP_2132","SPT_2144","SPD_1962"
"1934","SP_2133","SPT_2145",NA
"1935","SP_2134","SPT_2146","SPD_1963"
"1936","SP_2135","SPT_2147","SPD_1964"
"1937","SP_2136","SPT_2148","SPD_1965"
"1938","SP_2138","SPT_2152",NA
"1939","SP_2139","SPT_2153","SPD_1968"
"1940","SP_2140","",NA
"1941","SP_2141","SPT_2154","SPD_1969"
"1942","SP_2142","SPT_2155","SPD_1970"
"1943","SP_2143","SPT_2156","SPD_1971"
"1944","SP_2144","SPT_2157","SPD_1972"
"1945","SP_2145","SPT_2158","SPD_1973"
"1946","SP_2146","SPT_2159","SPD_1974"
"1947","SP_2147","",NA
"1948","SP_2148","SPT_2160",NA
"1949","SP_2150","SPT_2161","SPD_1976"
"1950","SP_2151","SPT_2162","SPD_1977"
"1951","SP_2152","SPT_2163","SPD_1978"
"1952","SP_2153","SPT_2164","SPD_1979"
"1953","SP_2156","SPT_2169","SPD_1984"
"1954","SP_2157","SPT_2170","SPD_1985"
"1955","SP_2158","SPT_2171","SPD_1986"
"1956","SP_2159","SPT_2172","SPD_1987"
"1957","SP_2160","SPT_2173","SPD_1988"
"1958","SP_2161","SPT_2174","SPD_1989"
"1959","SP_2162","SPT_2175","SPD_1990"
"1960","SP_2163","SPT_2176","SPD_1991"
"1961","SP_2164","SPT_2177","SPD_1992"
"1962","SP_2165","SPT_2178","SPD_1993"
"1963","SP_2166","SPT_2179","SPD_1994"
"1964","SP_2167","SPT_2180","SPD_1995"
"1965","SP_2168","SPT_2181","SPD_1996"
"1966","SP_2169","SPT_2182","SPD_1997"
"1967","SP_2170","SPT_2183","SPD_1998"
"1968","SP_2171","SPT_2184","SPD_1999"
"1969","SP_2172","SPT_2185","SPD_2000"
"1970","SP_2173","","SPD_2002"
"1971","SP_2174","SPT_2189","SPD_2003"
"1972","SP_2175","SPT_2190","SPD_2004"
"1973","SP_2176","SPT_2191","SPD_2005"
"1974","SP_2177","SPT_2192","SPD_2006"
"1975","SP_2182","SPT_2196","SPD_2009"
"1976","SP_2183","SPT_2197","SPD_2010"
"1977","SP_2184","SPT_2199","SPD_2011"
"1978","SP_2185","SPT_2200","SPD_2012"
"1979","SP_2186","SPT_2201","SPD_2013"
"1980","SP_2187","SPT_2202","SPD_2014"
"1981","SP_2188","SPT_2203","SPD_2015"
"1982","SP_2189","SPT_2204","SPD_2016"
"1983","SP_2190","SPT_2208","SPD_2017"
"1984","SP_2191","SPT_2209","SPD_2018"
"1985","SP_2192","SPT_2210","SPD_2019"
"1986","SP_2193","SPT_2211","SPD_2020"
"1987","SP_2194","SPT_2213","SPD_2022"
"1988","SP_2195","SPT_2214","SPD_2023"
"1989","SP_2196","SPT_2215","SPD_2024"
"1990","SP_2197","SPT_2216","SPD_2025"
"1991","SP_2198","SPT_2217","SPD_2026"
"1992","SP_2199","SPT_2218","SPD_2027"
"1993","SP_2200","",NA
"1994","SP_2201","SPT_2219","SPD_2028"
"1995","SP_2202","SPT_2220","SPD_2029"
"1996","SP_2203","SPT_2221","SPD_2030"
"1997","SP_2204","SPT_2222","SPD_2031"
"1998","SP_2205","SPT_2223","SPD_2032"
"1999","SP_2206","SPT_2224","SPD_2033"
"2000","SP_2207","SPT_2225","SPD_2034"
"2001","SP_2208","SPT_2226","SPD_2035"
"2002","SP_2209","SPT_2227","SPD_2036"
"2003","SP_2210","SPT_2228","SPD_2037"
"2004","SP_2214","SPT_2232","SPD_2041"
"2005","SP_2215","SPT_2233","SPD_2042"
"2006","SP_2216","SPT_2234","SPD_2043"
"2007","SP_2217","SPT_2235","SPD_2044"
"2008","SP_2218","SPT_2236","SPD_2045"
"2009","SP_2219","SPT_2237","SPD_2046"
"2010","SP_2220","SPT_2238","SPD_2047"
"2011","SP_2221","SPT_2239","SPD_2048"
"2012","SP_2222","SPT_2240","SPD_2049"
"2013","SP_2223","SPT_2241","SPD_2050"
"2014","SP_2224","SPT_2242","SPD_2051"
"2015","SP_2225","SPT_2243","SPD_2052"
"2016","SP_2226","SPT_2244","SPD_2053"
"2017","SP_2227","SPT_2245","SPD_2054"
"2018","SP_2228","SPT_2246","SPD_2055"
"2019","SP_2229","SPT_2247","SPD_2056"
"2020","SP_2230","SPT_2248","SPD_2057"
"2021","SP_2231","SPT_2249","SPD_2058"
"2022","SP_2233","SPT_2251",NA
"2023","SP_2234","SPT_2252","SPD_2060"
"2024","SP_2235","SPT_2255","SPD_2063"
"2025","SP_2236","SPT_2256","SPD_2064"
"2026","SP_2237","SPT_2257","SPD_2065"
"2027","SP_2238","SPT_2259","SPD_2067"
"2028","SP_2239","SPT_2260","SPD_2068"
"2029","SP_2240","SPT_2261","SPD_2069"
"2030","","SPT_1032",NA
"2031","","SPT_0570",NA
"2032","","SPT_1109",NA
"2033","","SPT_1906",NA
"2034","","SPT_1880",NA
"2035","","SPT_0472",NA
"2036","","SPT_1132",NA
"2037","","SPT_0224",NA
"2038","","SPT_1107",NA
"2039","","SPT_1285",NA
"2040","","SPT_0151",NA
"2041","","SPT_0856",NA
"2042","","SPT_1177",NA
"2043","","SPT_0147",NA
"2044","","SPT_0036",NA
"2045","","SPT_1929",NA
"2046","","SPT_1919",NA
"2047","","SPT_1907",NA
"2048","","SPT_0018",NA
"2049","","SPT_0623",NA
"2050","","SPT_0331",NA
"2051","","SPT_1708",NA
"2052","","SPT_1056",NA
"2053","","SPT_0160",NA
"2054","","SPT_1918",NA
"2055","","SPT_0820",NA
"2056","","SPT_0183",NA
"2057","","SPT_2198",NA
"2058","","SPT_1910",NA
"2059","","SPT_1205",NA
"2060","","SPT_1654",NA
"2061","","SPT_1006",NA
"2062","","SPT_0022",NA
"2063","","SPT_0108",NA
"2064","","SPT_0381",NA
"2065","","SPT_0502",NA
"2066","","SPT_1580",NA
"2067","","SPT_1630",NA
"2068","","SPT_2230",NA
"2069","","SPT_0017",NA
"2070","","SPT_1941",NA
"2071","","SPT_0847",NA
"2072","","SPT_0707",NA
"2073","","SPT_2186",NA
"2074","","SPT_1709",NA
"2075","","SPT_0424",NA
"2076","","SPT_1911",NA
"2077","","SPT_1057",NA
"2078","","SPT_2250",NA
"2079","","SPT_0551",NA
"2080","","SPT_1533",NA
"2081","","SPT_0466",NA
"2082","","SPT_1484",NA
"2083","","SPT_2166",NA
"2084","","SPT_1489",NA
"2085","","SPT_1048",NA
"2086","","SPT_1702",NA
"2087","","SPT_2167",NA
"2088","","SPT_2099",NA
"2089","","SPT_0380",NA
"2090","","SPT_1863",NA
"2091","","SPT_0425",NA
"2092","","SPT_0035",NA
"2093","","SPT_1059",NA
"2094","","SPT_1932",NA
"2095","","SPT_0625",NA
"2096","","SPT_0025",NA
"2097","","SPT_1715",NA
"2098","","SPT_1540",NA
"2099","","SPT_1053",NA
"2100","","SPT_1908",NA
"2101","","SPT_1105",NA
"2102","","SPT_0750",NA
"2103","","SPT_0569",NA
"2104","","SPT_0796",NA
"2105","","SPT_1939",NA
"2106","","SPT_0223",NA
"2107","","SPT_0077",NA
"2108","","SPT_0105",NA
"2109","","SPT_0348",NA
"2110","","SPT_0571",NA
"2111","","SPT_0032",NA
"2112","","SPT_0037",NA
"2113","","SPT_0019",NA
"2114","","SPT_0189",NA
"2115","","SPT_1914",NA
"2116","","SPT_0346",NA
"2117","","SPT_0541",NA
"2118","","SPT_0159",NA
"2119","","SPT_2041",NA
"2120","","SPT_2130",NA
"2121","","SPT_0225",NA
"2122","","SPT_1481",NA
"2123","","SPT_1347",NA
"2124","","SPT_0344",NA
"2125","","SPT_0922",NA
"2126","","SPT_2085",NA
"2127","","SPT_1700",NA
"2128","","SPT_1433",NA
"2129","","SPT_0021",NA
"2130","","SPT_1578",NA
"2131","","SPT_0924",NA
"2132","","SPT_0292",NA
"2133","","SPT_0031",NA
"2134","","SPT_0397",NA
"2135","","SPT_1106",NA
"2136","","SPT_1058",NA
"2137","","SPT_0352",NA
"2138","","SPT_1470",NA
"2139","","SPT_2015",NA
"2140","","SPT_0751",NA
"2141","","SPT_1256",NA
"2142","","SPT_0433",NA
"2143","","SPT_0005",NA
"2144","","SPT_0010",NA
"2145","","SPT_0130",NA
"2146","","SPT_1930",NA
"2147","","SPT_2193",NA
"2148","","SPT_0400",NA
"2149","","SPT_0399",NA
"2150","","SPT_0303",NA
"2151","","SPT_1309",NA
"2152","","SPT_0234",NA
"2153","","SPT_1884",NA
"2154","","SPT_0672",NA
"2155","","SPT_1926",NA
"2156","","SPT_1386",NA
"2157","","SPT_1486",NA
"2158","","SPT_1539",NA
"2159","","SPT_0925",NA
"2160","","SPT_0158",NA
"2161","","SPT_1879",NA
"2162","","SPT_1915",NA
"2163","","SPT_0164",NA
"2164","","SPT_0437",NA
"2165","","SPT_1777",NA
"2166","","SPT_0006",NA
"2167","","SPT_1912",NA
"2168","","SPT_1287",NA
"2169","","SPT_0543",NA
"2170","","SPT_0250",NA
"2171","","SPT_1923",NA
"2172","","SPT_1852",NA
"2173","","SPT_1088",NA
"2174","","SPT_0079",NA
"2175","","SPT_0406",NA
"2176","","SPT_0343",NA
"2177","","SPT_2229",NA
"2178","","SPT_0243",NA
"2179","","SPT_1913",NA
"2180","","SPT_1552",NA
"2181","","SPT_0396",NA
"2182","","SPT_1532",NA
"2183","","SPT_0154",NA
"2184","","SPT_0971",NA
"2185","","SPT_0378",NA
"2186","","SPT_0728",NA
"2187","","SPT_1927",NA
"2188","","SPT_1531",NA
"2189","","SPT_1917",NA
"2190","","SPT_1599",NA
"2191","","SPT_1661",NA
"2192","","SPT_0083",NA
"2193","","SPT_0351",NA
"2194","","SPT_1928",NA
"2195","","SPT_0401",NA
"2196","","SPT_1946",NA
"2197","","SPT_1965",NA
"2198","","SPT_2087",NA
"2199","","SPT_1282",NA
"2200","","SPT_1851",NA
"2201","","SPT_0024",NA
"2202","","SPT_1916",NA
"2203","","SPT_0157",NA
"2204","","SPT_0590",NA
"2205","","SPT_1299",NA
"2206","","SPT_0034",NA
"2207","","SPT_0033",NA
"2208","","SPT_0405",NA
"2209","","SPT_1487",NA
"2210","","SPT_0379",NA
"2211","","SPT_1878",NA
"2212","","SPT_1091",NA
"2213","","SPT_0494",NA
"2214","","SPT_1086",NA
"2215","","SPT_0404",NA
"2216","","SPT_1931",NA
"2217","","SPT_0015",NA
"2218","","SPT_0020",NA
"2219","","SPT_1887",NA
"2220","","SPT_1925",NA
"2221","","SPT_0029",NA
"2222","","SPT_0723",NA
"2223","","SPT_1885",NA
"2224","","SPT_2151",NA
"2225","","SPT_1370",NA
"2226","","SPT_0156",NA
"2227","","SPT_0350",NA
"2228","","SPT_2165",NA
"2229","","SPT_2231",NA
"2230","","SPT_0345",NA
"2231","","SPT_0026",NA
"2232","","SPT_2134",NA
"2233","","SPT_0435",NA
"2234","","SPT_0008",NA
"2235","","SPT_1434",NA
"2236","","SPT_0673",NA
"2237","","SPT_0023",NA
"2238","","SPT_0030",NA
"2239","","SPT_1087",NA
"2240","","SPT_1922",NA
"2241","","SPT_1375",NA
"2242","","SPT_0600",NA
"2243","","SPT_0127",NA
"2244","","SPT_1924",NA
"2245","","SPT_2010",NA
"2246","","SPT_0063",NA
"2247","","SPT_1567",NA
"2248","","SPT_0403",NA
"2249","","SPT_0129",NA
"2250","","SPT_0513",NA
"2251","","SPT_0153",NA
"2252","","SPT_0028",NA
"2253","","SPT_0349",NA
"2254","","SPT_0155",NA
"2255","","SPT_0236",NA
"2256","","SPT_0398",NA
"2257","","SPT_1877",NA
"2258","SP_1639","",NA
"2259","SP_1582","",NA
"2260","SP_1444","","SPD_1708"
"2261","SP_0836","",NA
"2262","SP_1692","","SPD_1708"
"2263","SP_1262","","SPD_1708"
"2264","SP_1792","",NA
"2265","SP_1770","","SPD_0400"
"2266","SP_1766","",NA
"2267","SP_1764","",NA
"2268","SP_1771","",NA
"2269","SP_1767","",NA
"2270","SP_1765","",NA
"2271","SP_1757","",NA
"2272","SP_1927","",NA
"2273","SP_0537","",NA
"2274","SP_1948","","SPD_1747"
"2275","SP_1949","","SPD_1748"
"2276","SP_1057","",NA
"2277","SP_0163","",NA
"2278","SP_1061","",NA
"2279","SP_1344","","SPD_1179"
"2280","SP_0164","",NA
"2281","SP_1058","",NA
"2282","SP_1332","",NA
"2283","SP_1346","","SPD_1180"
"2284","SP_1334","",NA
"2285","SP_1348","","SPD_1182"
"2286","SP_1335","",NA
"2287","SP_1349","","SPD_1183"
"2288","SP_1347","","SPD_1181"
"2289","SP_1333","","SPD_1181"
"2290","SP_1443","","SPD_1273"
"2291","SP_1314","",NA
"2292","SP_1622","",NA
"2293","SP_1064","",NA
"2294","","SPT_0487",NA
"2295","","SPT_0451",NA
"2296","","SPT_0408",NA
"2297","","SPT_1518",NA
"2298","","SPT_0650",NA
"2299","","SPT_0107",NA
"2300","","SPT_0649",NA
"2301","","SPT_1060",NA
"2302","","SPT_1061",NA
"2303","","SPT_0012",NA
"2304","","SPT_0232",NA
"2305","","SPT_2212",NA
"2306","","SPT_0496",NA
"2307","","SPT_0004",NA
"2308","","SPT_0237",NA
"2309","","SPT_0229",NA
"2310","","SPT_0016",NA
"2311","","SPT_0230",NA
"2312","","SPT_0014",NA
"2313","","SPT_1909",NA
"2314","","SPT_0347",NA
"2315","","SPT_0152",NA
"2316","","SPT_0161",NA
"2317","","SPT_0235",NA
"2318","","SPT_0009",NA
"2319","","SPT_0011",NA
"2320","","SPT_0233",NA
"2321","","SPT_1876",NA
"2322","","SPT_1886",NA
"2323","","SPT_1381",NA
"2324","","SPT_2011",NA
"2325","SP_0001",NA,"SPD_0001"
"2326","SP_0014",NA,"SPD_0014"
"2327",NA,NA,NA
"2328",NA,NA,NA
"2329",NA,NA,NA
"2330",NA,NA,NA
"2331",NA,NA,"SPD_0031"
"2332",NA,NA,NA
"2333",NA,NA,NA
"2334",NA,NA,NA
"2335",NA,NA,NA
"2336",NA,NA,NA
"2337",NA,NA,NA
"2338",NA,NA,NA
"2339",NA,NA,NA
"2340",NA,NA,"SPD_1965"
"2341",NA,NA,NA
"2342",NA,NA,"SPD_1018"
"2343",NA,NA,NA
"2344",NA,NA,"SPD_0949"
"2345",NA,NA,NA
"2346",NA,NA,NA
"2347",NA,NA,NA
"2348",NA,NA,NA
"2349",NA,NA,"SPD_0084"
"2350",NA,NA,NA
"2351",NA,NA,NA
"2352","SP_0108",NA,"SPD_0112"
"2353",NA,NA,NA
"2354",NA,NA,"SPD_0112"
"2355",NA,NA,NA
"2356",NA,NA,NA
"2357",NA,NA,NA
"2358",NA,NA,NA
"2359",NA,NA,NA
"2360",NA,NA,NA
"2361",NA,NA,NA
"2362",NA,NA,"SPD_0143"
"2363",NA,NA,NA
"2364",NA,NA,NA
"2365",NA,NA,"SPD_1745"
"2366",NA,NA,NA
"2367",NA,NA,NA
"2368",NA,NA,NA
"2369",NA,NA,NA
"2370",NA,NA,"SPD_0950"
"2371",NA,NA,NA
"2372",NA,NA,NA
"2373",NA,NA,NA
"2374","SP_0174",NA,"SPD_1983"
"2375",NA,NA,NA
"2376",NA,NA,NA
"2377",NA,NA,NA
"2378",NA,NA,"SPD_0181"
"2379",NA,NA,NA
"2380",NA,NA,NA
"2381",NA,NA,NA
"2382",NA,NA,NA
"2383",NA,NA,NA
"2384",NA,NA,NA
"2385",NA,NA,NA
"2386",NA,NA,"SPD_0223"
"2387",NA,NA,NA
"2388",NA,NA,NA
"2389",NA,NA,NA
"2390",NA,NA,NA
"2391",NA,NA,NA
"2392",NA,NA,NA
"2393",NA,NA,NA
"2394",NA,NA,NA
"2395","SP_0299",NA,"SPD_0716"
"2396",NA,NA,NA
"2397",NA,NA,NA
"2398",NA,NA,NA
"2399",NA,NA,NA
"2400",NA,NA,NA
"2401",NA,NA,NA
"2402",NA,NA,NA
"2403",NA,NA,NA
"2404",NA,NA,NA
"2405",NA,NA,NA
"2406",NA,NA,NA
"2407","SP_0345",NA,"SPD_0716"
"2408",NA,NA,NA
"2409",NA,NA,NA
"2410",NA,NA,NA
"2411",NA,NA,NA
"2412",NA,NA,NA
"2413",NA,NA,NA
"2414",NA,NA,NA
"2415",NA,NA,NA
"2416",NA,NA,NA
"2417",NA,NA,NA
"2418",NA,NA,NA
"2419",NA,NA,NA
"2420",NA,NA,NA
"2421",NA,NA,NA
"2422","SP_0366",NA,"SPD_0334"
"2423",NA,NA,NA
"2424",NA,NA,NA
"2425",NA,NA,NA
"2426",NA,NA,NA
"2427",NA,NA,NA
"2428",NA,NA,NA
"2429",NA,NA,NA
"2430",NA,NA,NA
"2431",NA,NA,NA
"2432",NA,NA,NA
"2433",NA,NA,NA
"2434",NA,NA,NA
"2435",NA,NA,NA
"2436",NA,NA,NA
"2437",NA,NA,NA
"2438",NA,NA,NA
"2439",NA,NA,NA
"2440",NA,NA,NA
"2441",NA,NA,NA
"2442",NA,NA,NA
"2443",NA,NA,NA
"2444",NA,NA,NA
"2445",NA,NA,NA
"2446",NA,NA,NA
"2447",NA,NA,NA
"2448",NA,NA,NA
"2449",NA,NA,NA
"2450",NA,NA,NA
"2451",NA,NA,NA
"2452",NA,NA,NA
"2453",NA,NA,NA
"2454",NA,NA,NA
"2455",NA,NA,NA
"2456",NA,NA,NA
"2457",NA,NA,NA
"2458",NA,NA,"SPD_0451"
"2459",NA,NA,NA
"2460",NA,NA,NA
"2461",NA,NA,NA
"2462",NA,NA,NA
"2463",NA,NA,NA
"2464",NA,NA,NA
"2465",NA,NA,NA
"2466",NA,NA,NA
"2467",NA,NA,NA
"2468",NA,NA,NA
"2469",NA,NA,NA
"2470",NA,NA,NA
"2471",NA,NA,NA
"2472",NA,NA,NA
"2473",NA,NA,NA
"2474",NA,NA,NA
"2475",NA,NA,NA
"2476",NA,NA,NA
"2477",NA,NA,NA
"2478",NA,NA,NA
"2479",NA,NA,NA
"2480",NA,NA,NA
"2481",NA,NA,NA
"2482",NA,NA,NA
"2483",NA,NA,NA
"2484",NA,NA,NA
"2485",NA,NA,NA
"2486",NA,NA,NA
"2487",NA,NA,NA
"2488",NA,NA,NA
"2489",NA,NA,NA
"2490",NA,NA,NA
"2491",NA,NA,NA
"2492",NA,NA,NA
"2493",NA,NA,NA
"2494",NA,NA,NA
"2495",NA,NA,NA
"2496",NA,NA,NA
"2497",NA,NA,NA
"2498",NA,NA,NA
"2499",NA,NA,NA
"2500",NA,NA,NA
"2501",NA,NA,NA
"2502",NA,NA,NA
"2503",NA,NA,NA
"2504","SP_0645",NA,"SPD_0559"
"2505",NA,NA,NA
"2506",NA,NA,NA
"2507",NA,NA,NA
"2508",NA,NA,NA
"2509",NA,NA,NA
"2510",NA,NA,NA
"2511",NA,NA,NA
"2512",NA,NA,NA
"2513",NA,NA,NA
"2514",NA,NA,NA
"2515",NA,NA,NA
"2516",NA,NA,NA
"2517",NA,NA,NA
"2518",NA,NA,NA
"2519",NA,NA,NA
"2520",NA,NA,NA
"2521",NA,NA,NA
"2522",NA,NA,NA
"2523",NA,NA,NA
"2524",NA,NA,NA
"2525",NA,NA,NA
"2526",NA,NA,NA
"2527",NA,NA,NA
"2528",NA,NA,NA
"2529",NA,NA,NA
"2530",NA,NA,NA
"2531",NA,NA,NA
"2532",NA,NA,NA
"2533",NA,NA,NA
"2534",NA,NA,NA
"2535",NA,NA,NA
"2536",NA,NA,NA
"2537",NA,NA,NA
"2538",NA,NA,NA
"2539",NA,NA,NA
"2540",NA,NA,NA
"2541",NA,NA,NA
"2542",NA,NA,NA
"2543",NA,NA,NA
"2544",NA,NA,NA
"2545",NA,NA,NA
"2546",NA,NA,NA
"2547",NA,NA,NA
"2548",NA,NA,NA
"2549",NA,NA,NA
"2550",NA,NA,NA
"2551",NA,NA,NA
"2552",NA,NA,NA
"2553",NA,NA,NA
"2554",NA,NA,NA
"2555",NA,NA,NA
"2556",NA,NA,NA
"2557",NA,NA,NA
"2558",NA,NA,NA
"2559",NA,NA,NA
"2560",NA,NA,NA
"2561",NA,NA,NA
"2562",NA,NA,NA
"2563",NA,NA,NA
"2564",NA,NA,NA
"2565",NA,NA,NA
"2566",NA,NA,NA
"2567",NA,NA,NA
"2568",NA,NA,NA
"2569",NA,NA,NA
"2570",NA,NA,NA
"2571","SP_0995",NA,"SPD_0716"
"2572",NA,NA,NA
"2573","SP_1003",NA,"SPD_0889"
"2574",NA,NA,NA
"2575",NA,NA,NA
"2576",NA,NA,NA
"2577",NA,NA,NA
"2578",NA,NA,NA
"2579",NA,NA,NA
"2580",NA,NA,NA
"2581",NA,NA,NA
"2582",NA,NA,NA
"2583",NA,NA,NA
"2584",NA,NA,NA
"2585",NA,NA,NA
"2586",NA,NA,NA
"2587",NA,NA,NA
"2588",NA,NA,NA
"2589",NA,NA,NA
"2590",NA,NA,NA
"2591",NA,NA,NA
"2592",NA,NA,NA
"2593",NA,NA,NA
"2594",NA,NA,NA
"2595",NA,NA,NA
"2596",NA,NA,NA
"2597",NA,NA,NA
"2598",NA,NA,NA
"2599",NA,NA,NA
"2600",NA,NA,NA
"2601",NA,NA,NA
"2602",NA,NA,NA
"2603",NA,NA,NA
"2604",NA,NA,NA
"2605",NA,NA,NA
"2606",NA,NA,NA
"2607",NA,NA,NA
"2608",NA,NA,NA
"2609",NA,NA,NA
"2610",NA,NA,NA
"2611",NA,NA,NA
"2612",NA,NA,NA
"2613",NA,NA,NA
"2614",NA,NA,NA
"2615",NA,NA,NA
"2616",NA,NA,NA
"2617",NA,NA,NA
"2618",NA,NA,NA
"2619",NA,NA,NA
"2620",NA,NA,NA
"2621","SP_1154",NA,"SPD_1018"
"2622",NA,NA,NA
"2623",NA,NA,NA
"2624",NA,NA,NA
"2625","SP_1175",NA,"SPD_1038"
"2626",NA,NA,NA
"2627",NA,NA,NA
"2628",NA,NA,NA
"2629",NA,NA,NA
"2630",NA,NA,NA
"2631",NA,NA,NA
"2632",NA,NA,NA
"2633",NA,NA,NA
"2634",NA,NA,NA
"2635",NA,NA,NA
"2636",NA,NA,NA
"2637",NA,NA,NA
"2638",NA,NA,NA
"2639",NA,NA,NA
"2640",NA,NA,NA
"2641",NA,NA,NA
"2642",NA,NA,NA
"2643",NA,NA,NA
"2644",NA,NA,NA
"2645",NA,NA,NA
"2646",NA,NA,NA
"2647",NA,NA,NA
"2648",NA,NA,NA
"2649",NA,NA,NA
"2650",NA,NA,NA
"2651",NA,NA,NA
"2652",NA,NA,NA
"2653",NA,NA,NA
"2654",NA,NA,NA
"2655",NA,NA,NA
"2656",NA,NA,NA
"2657",NA,NA,NA
"2658",NA,NA,NA
"2659",NA,NA,NA
"2660",NA,NA,NA
"2661",NA,NA,NA
"2662",NA,NA,NA
"2663",NA,NA,NA
"2664",NA,NA,NA
"2665",NA,NA,NA
"2666",NA,NA,NA
"2667",NA,NA,NA
"2668",NA,NA,NA
"2669",NA,NA,NA
"2670",NA,NA,NA
"2671",NA,NA,NA
"2672",NA,NA,NA
"2673",NA,NA,NA
"2674",NA,NA,NA
"2675",NA,NA,NA
"2676",NA,NA,NA
"2677",NA,NA,NA
"2678",NA,NA,NA
"2679",NA,NA,NA
"2680",NA,NA,NA
"2681",NA,NA,NA
"2682",NA,NA,NA
"2683",NA,NA,NA
"2684",NA,NA,NA
"2685",NA,NA,NA
"2686",NA,NA,NA
"2687",NA,NA,NA
"2688",NA,NA,NA
"2689",NA,NA,NA
"2690",NA,NA,NA
"2691",NA,NA,NA
"2692",NA,NA,NA
"2693",NA,NA,NA
"2694",NA,NA,NA
"2695",NA,NA,NA
"2696",NA,NA,NA
"2697",NA,NA,NA
"2698",NA,NA,NA
"2699","SP_1485",NA,"SPD_0869"
"2700",NA,NA,NA
"2701",NA,NA,NA
"2702",NA,NA,NA
"2703",NA,NA,NA
"2704",NA,NA,NA
"2705",NA,NA,NA
"2706",NA,NA,NA
"2707","SP_1527",NA,"SPD_1357"
"2708",NA,NA,NA
"2709",NA,NA,NA
"2710",NA,NA,NA
"2711",NA,NA,NA
"2712",NA,NA,NA
"2713",NA,NA,NA
"2714",NA,NA,NA
"2715",NA,NA,NA
"2716",NA,NA,NA
"2717",NA,NA,NA
"2718",NA,NA,NA
"2719",NA,NA,NA
"2720",NA,NA,NA
"2721",NA,NA,NA
"2722",NA,NA,NA
"2723",NA,NA,NA
"2724",NA,NA,NA
"2725",NA,NA,NA
"2726",NA,NA,NA
"2727",NA,NA,NA
"2728",NA,NA,NA
"2729",NA,NA,NA
"2730",NA,NA,NA
"2731",NA,NA,NA
"2732",NA,NA,NA
"2733",NA,NA,NA
"2734",NA,NA,NA
"2735",NA,NA,NA
"2736",NA,NA,NA
"2737",NA,NA,NA
"2738",NA,NA,NA
"2739","SP_1687",NA,"SPD_1499"
"2740",NA,NA,NA
"2741",NA,NA,NA
"2742",NA,NA,NA
"2743",NA,NA,NA
"2744",NA,NA,NA
"2745",NA,NA,NA
"2746",NA,NA,NA
"2747",NA,NA,NA
"2748",NA,NA,NA
"2749",NA,NA,NA
"2750",NA,NA,NA
"2751",NA,NA,NA
"2752",NA,NA,NA
"2753",NA,NA,NA
"2754",NA,NA,NA
"2755",NA,NA,NA
"2756",NA,NA,NA
"2757",NA,NA,NA
"2758",NA,NA,NA
"2759",NA,NA,NA
"2760",NA,NA,NA
"2761",NA,NA,NA
"2762",NA,NA,NA
"2763",NA,NA,NA
"2764",NA,NA,NA
"2765",NA,NA,NA
"2766",NA,NA,NA
"2767",NA,NA,NA
"2768",NA,NA,NA
"2769",NA,NA,NA
"2770",NA,NA,NA
"2771",NA,NA,NA
"2772",NA,NA,NA
"2773",NA,NA,NA
"2774",NA,NA,NA
"2775",NA,NA,NA
"2776",NA,NA,NA
"2777",NA,NA,NA
"2778",NA,NA,NA
"2779",NA,NA,NA
"2780","SP_1829",NA,"SPD_1613"
"2781",NA,NA,NA
"2782",NA,NA,NA
"2783",NA,NA,NA
"2784",NA,NA,NA
"2785","SP_1852",NA,"SPD_1633"
"2786",NA,NA,NA
"2787",NA,NA,NA
"2788",NA,NA,NA
"2789","SP_1891",NA,"SPD_1671"
"2790",NA,NA,NA
"2791",NA,NA,NA
"2792",NA,NA,NA
"2793",NA,NA,NA
"2794",NA,NA,NA
"2795",NA,NA,NA
"2796",NA,NA,NA
"2797",NA,NA,NA
"2798",NA,NA,NA
"2799",NA,NA,NA
"2800",NA,NA,NA
"2801",NA,NA,NA
"2802",NA,NA,NA
"2803","SP_2006",NA,"SPD_1818"
"2804",NA,NA,NA
"2805",NA,NA,NA
"2806",NA,NA,NA
"2807",NA,NA,NA
"2808",NA,NA,NA
"2809",NA,NA,NA
"2810","SP_2030",NA,"SPD_1839"
"2811",NA,NA,NA
"2812",NA,NA,NA
"2813",NA,NA,NA
"2814",NA,NA,NA
"2815",NA,NA,NA
"2816",NA,NA,NA
"2817",NA,NA,NA
"2818",NA,NA,NA
"2819",NA,NA,NA
"2820",NA,NA,NA
"2821",NA,NA,NA
"2822",NA,NA,NA
"2823",NA,NA,NA
"2824",NA,NA,NA
"2825",NA,NA,NA
"2826",NA,NA,NA
"2827",NA,NA,NA
"2828",NA,NA,NA
"2829",NA,NA,NA
"2830",NA,NA,NA
"2831",NA,NA,NA
"2832",NA,NA,NA
"2833",NA,NA,NA
"2834",NA,NA,NA
"2835",NA,NA,NA
"2836",NA,NA,NA
"2837",NA,NA,NA
"2838",NA,NA,NA
